Address,Date time,Minimum Temperature,Maximum Temperature,Temperature,Dew Point,Relative Humidity,Heat Index,Wind Speed,Wind Gust,Wind Direction,Wind Chill,Precipitation,Precipitation Cover,Snow Depth,Visibility,Cloud Cover,Sea Level Pressure,Weather Type,Latitude,Longitude,Resolved Address,Name,Info,Conditions
"""Louisville, KY""",01/01/2023,40.0,56.1,47.9,46.6,95.59,,5.8,,102.75,37.7,0.0,4.17,,5.2,81.5,1016.3,"Mist, Fog",38.2549,-85.7667,"Louisville, KY, United States","Louisville, KY, United States",,Overcast
"""Louisville, KY""",01/02/2023,46.7,64.0,57.0,53.8,89.18,,7.7,20.8,136.96,,0.02,8.33,,9.4,82.6,1016.1,"Mist, Fog, Light Rain",38.2549,-85.7667,"Louisville, KY, United States","Louisville, KY, United States",,"Rain, Overcast"
"""Louisville, KY""",01/03/2023,59.0,63.5,61.3,58.3,90.23,,20.1,32.1,182.83,,2.47,66.67,,8.1,87.7,1008.3,"Lightning Without Thunder, Mist, Rain, Thunderstorm, Heavy Rain, Light Rain",38.2549,-85.7667,"Louisville, KY, United States","Louisville, KY, United States",,"Rain, Overcast"
"""Louisville, KY""",01/04/2023,41.6,60.6,55.0,46.5,74.22,,16.9,30.6,234.46,35.9,0.0,0.0,,9.9,56.2,1008.6,,38.2549,-85.7667,"Louisville, KY, United States","Louisville, KY, United States",,Partially cloudy
"""Louisville, KY""",01/05/2023,35.0,50.5,41.9,30.1,65.09,,19.0,28.3,224.42,29.3,0.0,0.0,,9.9,61.4,1016.1,,38.2549,-85.7667,"Louisville, KY, United States","Louisville, KY, United States",,Partially cloudy
"""Louisville, KY""",01/06/2023,32.1,46.6,38.9,27.7,64.63,,13.2,19.7,211.92,26.1,0.0,0.0,,9.9,42.5,1022.7,,38.2549,-85.7667,"Louisville, KY, United States","Louisville, KY, United States",,Partially cloudy
"""Louisville, KY""",01/07/2023,31.7,51.6,41.1,28.5,63.15,,11.6,18.3,55.08,35.3,0.0,0.0,,9.8,49.3,1025.6,Mist,38.2549,-85.7667,"Louisville, KY, United States","Louisville, KY, United States",,Partially cloudy
"""Louisville, KY""",01/08/2023,37.1,43.2,39.9,30.7,70.18,,9.4,,178.83,31.6,0.01,8.33,,9.7,100.0,1022.2,"Mist, Light Rain",38.2549,-85.7667,"Louisville, KY, United States","Louisville, KY, United States",,"Rain, Overcast"
"""Louisville, KY""",01/09/2023,32.6,46.6,38.5,29.0,69.89,,10.3,,236.83,26.1,0.0,0.0,,9.6,65.2,1023.1,,38.2549,-85.7667,"Louisville, KY, United States","Louisville, KY, United States",,Partially cloudy
"""Louisville, KY""",01/10/2023,33.5,54.2,42.7,31.9,66.16,,11.4,20.8,163.17,28.2,0.0,0.0,,9.9,35.2,1015.9,,38.2549,-85.7667,"Louisville, KY, United States","Louisville, KY, United States",,Partially cloudy
"""Louisville, KY""",01/11/2023,40.2,60.1,50.5,45.2,82.23,,8.2,17.2,149.88,38.1,0.0,4.17,,9.7,78.4,1011.7,Light Rain,38.2549,-85.7667,"Louisville, KY, United States","Louisville, KY, United States",,Overcast
"""Louisville, KY""",01/12/2023,39.8,58.4,52.8,48.8,86.5,,18.7,41.2,238.38,31.4,0.51,41.67,,8.9,94.2,1007.6,"Lightning Without Thunder, Mist, Thunderstorm, Rain, Heavy Rain, Light Rain",38.2549,-85.7667,"Louisville, KY, United States","Louisville, KY, United States",,"Rain, Overcast"
"""Louisville, KY""",01/13/2023,33.1,40.0,36.7,31.2,80.38,,15.2,30.1,321.71,23.8,0.03,29.17,,8.9,100.0,1019.0,"Mist, Light Snow, Light Rain",38.2549,-85.7667,"Louisville, KY, United States","Louisville, KY, United States",,"Rain, Overcast"
"""Louisville, KY""",01/14/2023,28.9,38.5,33.5,23.0,65.17,,11.1,19.7,284.38,23.7,0.0,0.0,,9.9,73.0,1025.0,,38.2549,-85.7667,"Louisville, KY, United States","Louisville, KY, United States",,Partially cloudy
"""Louisville, KY""",01/15/2023,25.1,46.1,34.4,23.1,66.29,,11.1,,101.13,20.3,0.0,0.0,,9.8,27.8,1023.8,,38.2549,-85.7667,"Louisville, KY, United States","Louisville, KY, United States",,Partially cloudy
"""Louisville, KY""",01/16/2023,32.5,54.2,41.9,31.4,67.57,,14.4,23.0,132.29,26.5,0.21,25.0,,9.6,78.8,1013.1,"Rain, Heavy Rain, Light Rain",38.2549,-85.7667,"Louisville, KY, United States","Louisville, KY, United States",,"Rain, Overcast"
"""Louisville, KY""",01/17/2023,47.9,63.6,56.8,46.6,70.97,,17.6,29.6,235.79,44.2,0.02,8.33,,9.9,52.1,1006.7,Light Rain,38.2549,-85.7667,"Louisville, KY, United States","Louisville, KY, United States",,"Rain, Partially cloudy"
"""Louisville, KY""",01/18/2023,38.5,51.0,44.6,38.7,80.03,,9.8,,122.13,36.4,0.13,25.0,,9.4,73.0,1013.4,"Mist, Rain, Heavy Rain, Light Rain",38.2549,-85.7667,"Louisville, KY, United States","Louisville, KY, United States",,"Rain, Partially cloudy"
"""Louisville, KY""",01/19/2023,42.6,63.6,54.4,43.0,66.95,,32.3,52.5,222.92,35.0,0.44,20.83,,9.5,69.1,1005.4,"Mist, Rain, Heavy Rain, Light Rain",38.2549,-85.7667,"Louisville, KY, United States","Louisville, KY, United States",,"Rain, Partially cloudy"
"""Louisville, KY""",01/20/2023,35.5,41.6,37.4,27.5,67.42,,20.2,30.3,281.79,27.8,0.01,8.33,,9.9,100.0,1020.7,"Mist, Light Rain",38.2549,-85.7667,"Louisville, KY, United States","Louisville, KY, United States",,"Rain, Overcast"
"""Louisville, KY""",01/21/2023,34.1,42.6,36.4,26.6,67.55,,7.6,,152.5,29.4,0.0,0.0,,9.9,68.5,1022.9,,38.2549,-85.7667,"Louisville, KY, United States","Louisville, KY, United States",,Partially cloudy
"""Louisville, KY""",01/22/2023,32.6,37.6,35.5,32.3,88.48,,8.7,,193.13,29.5,0.41,37.5,1.18,6.4,99.4,1011.3,"Light Snow, Mist, Light Drizzle, Rain, Heavy Rain And Snow, Light Rain And Snow, Fog, Heavy Rain, Light Rain, Snow",38.2549,-85.7667,"Louisville, KY, United States","Louisville, KY, United States",,"Rain, Overcast"
"""Louisville, KY""",01/23/2023,31.6,38.5,35.5,29.7,79.75,,13.8,21.9,265.46,27.0,0.0,4.17,,9.5,85.0,1020.4,"Mist, Light Snow, Light Drizzle, Light Rain And Snow, Light Rain",38.2549,-85.7667,"Louisville, KY, United States","Louisville, KY, United States",,Overcast
"""Louisville, KY""",01/24/2023,28.0,48.0,37.9,29.0,72.25,,7.9,,127.08,21.4,0.0,0.0,,9.8,50.0,1023.9,Light Rain,38.2549,-85.7667,"Louisville, KY, United States","Louisville, KY, United States",,Partially cloudy
"""Louisville, KY""",01/25/2023,37.0,47.5,40.0,36.5,87.23,,22.5,40.2,168.96,28.6,0.49,62.5,,8.7,100.0,1006.6,"Mist, Light Drizzle, Rain, Heavy Rain, Light Rain",38.2549,-85.7667,"Louisville, KY, United States","Louisville, KY, United States",,"Rain, Overcast"
"""Louisville, KY""",01/26/2023,32.1,37.1,34.4,26.9,74.47,,18.4,31.1,254.25,22.4,0.01,4.17,,9.3,99.2,1017.1,"Mist, Light Snow, Light Drizzle, Rain, Light Rain And Snow, Light Rain",38.2549,-85.7667,"Louisville, KY, United States","Louisville, KY, United States",,"Rain, Overcast"
"""Louisville, KY""",01/27/2023,23.5,51.6,37.9,23.5,58.45,,21.5,36.0,207.33,15.0,0.0,0.0,,9.9,48.2,1019.8,Light Snow,38.2549,-85.7667,"Louisville, KY, United States","Louisville, KY, United States",,Partially cloudy
"""Louisville, KY""",01/28/2023,38.6,58.0,49.1,26.9,43.36,,16.1,29.8,194.13,34.1,0.0,0.0,,9.9,60.5,1022.1,Light Rain,38.2549,-85.7667,"Louisville, KY, United States","Louisville, KY, United States",,Partially cloudy
"""Louisville, KY""",01/29/2023,40.6,50.6,46.0,42.7,89.03,,17.1,32.5,178.25,35.2,0.14,50.0,,6.7,100.0,1020.2,"Mist, Rain, Heavy Rain, Light Rain",38.2549,-85.7667,"Louisville, KY, United States","Louisville, KY, United States",,"Rain, Overcast"
"""Louisville, KY""",01/30/2023,30.4,39.5,35.3,33.4,92.83,,12.1,16.1,290.25,20.7,0.1,12.5,,4.4,100.0,1023.8,"Mist, Light Snow, Light Drizzle, Rain, Light Rain And Snow, Fog, Light Rain, Light Freezing Rain",38.2549,-85.7667,"Louisville, KY, United States","Louisville, KY, United States",,"Rain, Overcast"
"""Louisville, KY""",01/31/2023,24.6,29.5,27.0,23.3,85.85,,11.6,,233.88,14.6,0.1,25.0,,8.0,98.7,1027.3,"Ice, Light Snow, Mist, Rain, Light Rain And Snow, Light Rain, Light Freezing Drizzle/Freezing Rain, Light Freezing Rain",38.2549,-85.7667,"Louisville, KY, United States","Louisville, KY, United States",,"Rain, Overcast"
"""Louisville, KY""",02/01/2023,21.0,33.6,27.7,18.5,68.63,,7.6,,206.08,12.7,0.0,0.0,,9.9,55.6,1028.8,"Mist, Smoke Or Haze",38.2549,-85.7667,"Louisville, KY, United States","Louisville, KY, United States",,Partially cloudy
"""Louisville, KY""",02/02/2023,26.7,37.5,31.9,22.2,68.23,,7.9,,240.0,22.0,0.0,0.0,,9.9,48.9,1024.5,,38.2549,-85.7667,"Louisville, KY, United States","Louisville, KY, United States",,Partially cloudy
"""Louisville, KY""",02/03/2023,21.0,31.0,26.4,9.6,49.36,,13.9,22.5,264.54,8.9,0.0,0.0,,9.9,8.9,1031.8,,38.2549,-85.7667,"Louisville, KY, United States","Louisville, KY, United States",,Clear
"""Louisville, KY""",02/04/2023,19.1,49.4,33.7,15.5,49.18,,16.7,24.2,169.17,9.5,0.0,0.0,,9.9,32.4,1029.8,,38.2549,-85.7667,"Louisville, KY, United States","Louisville, KY, United States",,Partially cloudy
"""Louisville, KY""",02/05/2023,43.6,55.1,48.2,30.4,50.4,,19.6,30.6,219.13,37.3,0.0,0.0,,9.9,47.6,1019.1,,38.2549,-85.7667,"Louisville, KY, United States","Louisville, KY, United States",,Partially cloudy
"""Louisville, KY""",02/06/2023,30.7,55.1,44.1,30.0,60.42,,9.7,,142.79,30.4,0.0,0.0,,9.9,30.0,1022.4,,38.2549,-85.7667,"Louisville, KY, United States","Louisville, KY, United States",,Partially cloudy
"""Louisville, KY""",02/07/2023,43.1,63.7,53.8,39.3,59.75,,17.2,29.1,206.88,39.5,0.05,12.5,,9.4,84.2,1019.8,"Mist, Light Rain",38.2549,-85.7667,"Louisville, KY, United States","Louisville, KY, United States",,"Rain, Overcast"
"""Louisville, KY""",02/08/2023,45.2,55.6,50.9,44.5,79.02,,8.6,,124.71,42.0,0.04,20.83,,9.8,99.6,1022.4,Light Rain,38.2549,-85.7667,"Louisville, KY, United States","Louisville, KY, United States",,"Rain, Overcast"
"""Louisville, KY""",02/09/2023,45.5,64.6,57.1,47.3,70.18,,29.4,47.5,210.67,39.4,0.11,29.17,,9.7,89.2,1011.1,Light Rain,38.2549,-85.7667,"Louisville, KY, United States","Louisville, KY, United States",,"Rain, Overcast"
"""Louisville, KY""",02/10/2023,34.6,45.6,42.6,33.8,70.95,,13.2,20.8,301.75,30.4,0.0,0.0,,9.9,93.6,1025.2,,38.2549,-85.7667,"Louisville, KY, United States","Louisville, KY, United States",,Overcast
"""Louisville, KY""",02/11/2023,26.3,49.6,37.1,21.0,58.66,,10.2,,65.96,21.7,0.0,0.0,,8.3,22.4,1027.3,Mist,38.2549,-85.7667,"Louisville, KY, United States","Louisville, KY, United States",,Clear
"""Louisville, KY""",02/12/2023,29.1,57.4,42.2,16.6,40.86,,11.1,21.9,220.83,21.2,0.0,0.0,,9.9,15.8,1016.3,,38.2549,-85.7667,"Louisville, KY, United States","Louisville, KY, United States",,Clear
"""Louisville, KY""",02/13/2023,30.4,62.5,45.4,24.6,46.17,,10.3,19.7,190.21,25.5,0.0,0.0,,9.9,16.5,1013.2,,38.2549,-85.7667,"Louisville, KY, United States","Louisville, KY, United States",,Clear
"""Louisville, KY""",02/14/2023,34.7,61.6,49.7,34.7,58.57,,15.5,27.1,120.21,32.4,0.02,12.5,,9.9,64.5,1012.2,"Light Drizzle, Light Rain",38.2549,-85.7667,"Louisville, KY, United States","Louisville, KY, United States",,"Rain, Partially cloudy"
"""Louisville, KY""",02/15/2023,58.0,73.6,64.3,47.9,57.27,,20.1,32.1,201.96,,0.0,0.0,,9.9,45.5,1011.5,,38.2549,-85.7667,"Louisville, KY, United States","Louisville, KY, United States",,Partially cloudy
"""Louisville, KY""",02/16/2023,42.6,63.1,57.6,54.8,90.25,,22.5,36.2,183.79,34.5,1.67,58.33,,7.8,94.2,1009.9,"Lightning Without Thunder, Mist, Rain, Thunderstorm, Heavy Rain, Light Rain",38.2549,-85.7667,"Louisville, KY, United States","Louisville, KY, United States",,"Rain, Overcast"
"""Louisville, KY""",02/17/2023,29.5,40.0,34.5,24.2,65.86,,18.1,34.2,301.88,23.7,0.0,0.0,,9.7,94.9,1022.4,Light Snow,38.2549,-85.7667,"Louisville, KY, United States","Louisville, KY, United States",,Overcast
"""Louisville, KY""",02/18/2023,23.0,47.5,35.3,19.8,55.64,,10.3,,190.13,16.3,0.0,0.0,,9.9,21.0,1030.3,,38.2549,-85.7667,"Louisville, KY, United States","Louisville, KY, United States",,Clear
"""Louisville, KY""",02/19/2023,40.5,60.1,50.5,25.9,39.34,,19.6,32.9,195.54,35.8,0.0,0.0,,9.9,41.2,1017.8,,38.2549,-85.7667,"Louisville, KY, United States","Louisville, KY, United States",,Partially cloudy
"""Louisville, KY""",02/20/2023,50.1,62.0,54.9,42.6,64.3,,13.9,24.2,214.21,,0.0,4.17,,9.9,61.5,1008.2,"Light Drizzle, Light Rain",38.2549,-85.7667,"Louisville, KY, United States","Louisville, KY, United States",,Partially cloudy
"""Louisville, KY""",02/21/2023,43.6,58.6,51.3,28.4,45.57,,13.8,20.8,224.04,39.5,0.0,0.0,,9.9,45.8,1008.8,,38.2549,-85.7667,"Louisville, KY, United States","Louisville, KY, United States",,Partially cloudy
"""Louisville, KY""",02/22/2023,46.7,75.4,62.4,50.0,66.53,,27.0,44.2,181.17,43.1,0.44,33.33,,9.4,88.4,1005.1,"Lightning Without Thunder, Mist, Rain, Heavy Rain, Light Rain",38.2549,-85.7667,"Louisville, KY, United States","Louisville, KY, United States",,"Rain, Overcast"
"""Louisville, KY""",02/23/2023,46.6,72.6,62.7,52.6,72.49,,19.4,32.1,243.58,40.5,0.0,8.33,,9.9,63.6,1014.1,Light Rain,38.2549,-85.7667,"Louisville, KY, United States","Louisville, KY, United States",,Partially cloudy
"""Louisville, KY""",02/24/2023,30.0,45.6,38.5,24.1,56.62,,14.0,29.8,161.33,22.4,0.0,0.0,,9.9,47.1,1032.3,,38.2549,-85.7667,"Louisville, KY, United States","Louisville, KY, United States",,Partially cloudy
"""Louisville, KY""",02/25/2023,37.1,55.0,44.5,31.5,60.91,,8.6,,221.54,31.3,0.01,4.17,,9.9,58.2,1023.6,Light Rain,38.2549,-85.7667,"Louisville, KY, United States","Louisville, KY, United States",,"Rain, Partially cloudy"
"""Louisville, KY""",02/26/2023,35.3,60.1,47.8,39.4,74.11,,10.8,,187.75,32.0,0.0,0.0,,9.4,50.7,1017.2,"Mist, Fog",38.2549,-85.7667,"Louisville, KY, United States","Louisville, KY, United States",,Partially cloudy
"""Louisville, KY""",02/27/2023,51.6,74.1,61.6,49.8,68.84,,30.6,55.9,195.54,,0.09,20.83,,9.4,89.1,999.6,"Mist, Rain, Heavy Rain, Light Rain",38.2549,-85.7667,"Louisville, KY, United States","Louisville, KY, United States",,"Rain, Overcast"
"""Louisville, KY""",02/28/2023,49.0,63.2,54.5,41.4,62.28,,18.5,33.5,191.29,45.4,0.0,0.0,,9.9,33.4,1009.5,,38.2549,-85.7667,"Louisville, KY, United States","Louisville, KY, United States",,Partially cloudy
"""Louisville, KY""",03/01/2023,45.4,81.2,62.8,44.9,57.43,79.8,19.7,35.2,169.67,44.7,0.06,12.5,,9.9,43.2,1007.7,Light Rain,38.2549,-85.7667,"Louisville, KY, United States","Louisville, KY, United States",,"Rain, Partially cloudy"
"""Louisville, KY""",03/02/2023,50.1,60.1,53.4,38.8,59.29,,10.6,,156.08,,0.07,8.33,,9.9,64.0,1010.8,Light Rain,38.2549,-85.7667,"Louisville, KY, United States","Louisville, KY, United States",,"Rain, Partially cloudy"
"""Louisville, KY""",03/03/2023,40.9,65.2,49.4,43.7,81.83,,40.2,68.0,131.21,31.1,2.52,70.83,,7.3,98.8,995.8,"Lightning Without Thunder, Mist, Light Drizzle, Rain, Thunderstorm, Heavy Rain, Light Rain",38.2549,-85.7667,"Louisville, KY, United States","Louisville, KY, United States",,"Rain, Overcast"
"""Louisville, KY""",03/04/2023,40.4,64.5,49.4,33.4,57.09,,15.9,25.5,214.63,35.4,0.0,0.0,,9.9,41.8,1014.8,,38.2549,-85.7667,"Louisville, KY, United States","Louisville, KY, United States",,Partially cloudy
"""Louisville, KY""",03/05/2023,37.0,62.9,50.9,35.5,58.27,,9.1,,75.46,34.7,0.0,0.0,,9.9,40.1,1022.3,,38.2549,-85.7667,"Louisville, KY, United States","Louisville, KY, United States",,Partially cloudy
"""Louisville, KY""",03/06/2023,44.0,77.0,61.1,40.7,49.45,,21.8,34.2,182.71,40.1,0.0,0.0,,9.9,53.6,1014.6,,38.2549,-85.7667,"Louisville, KY, United States","Louisville, KY, United States",,Partially cloudy
"""Louisville, KY""",03/07/2023,44.5,63.8,51.0,36.0,57.23,,17.0,27.6,160.54,37.8,0.0,0.0,,9.9,59.2,1023.0,,38.2549,-85.7667,"Louisville, KY, United States","Louisville, KY, United States",,Partially cloudy
"""Louisville, KY""",03/08/2023,35.1,49.6,42.2,17.7,37.33,,16.1,27.7,67.79,25.2,0.0,0.0,,9.9,71.1,1029.7,,38.2549,-85.7667,"Louisville, KY, United States","Louisville, KY, United States",,Partially cloudy
"""Louisville, KY""",03/09/2023,39.0,60.6,49.0,30.8,51.53,,12.1,20.8,80.08,33.3,0.07,12.5,,9.9,84.7,1021.7,"Mist, Light Drizzle, Light Rain",38.2549,-85.7667,"Louisville, KY, United States","Louisville, KY, United States",,"Rain, Overcast"
"""Louisville, KY""",03/10/2023,38.5,49.5,43.1,34.7,72.97,,19.0,32.3,272.29,30.8,0.11,12.5,,9.4,100.0,1016.0,"Mist, Light Rain",38.2549,-85.7667,"Louisville, KY, United States","Louisville, KY, United States",,"Rain, Overcast"
"""Louisville, KY""",03/11/2023,37.6,49.0,42.6,28.5,58.45,,13.8,23.0,93.75,32.2,0.0,0.0,,9.9,82.3,1016.8,Light Rain,38.2549,-85.7667,"Louisville, KY, United States","Louisville, KY, United States",,Overcast
"""Louisville, KY""",03/12/2023,36.1,41.5,39.1,34.2,82.8,,11.9,19.7,167.7,29.2,0.09,21.74,,9.1,100.0,1010.9,"Mist, Light Drizzle, Rain, Heavy Rain, Light Rain",38.2549,-85.7667,"Louisville, KY, United States","Louisville, KY, United States",,"Rain, Overcast"
"""Louisville, KY""",03/13/2023,32.1,41.0,36.2,26.0,66.88,,16.8,25.3,289.75,21.3,0.01,4.17,,9.7,99.7,1018.8,"Light Snow, Light Rain",38.2549,-85.7667,"Louisville, KY, United States","Louisville, KY, United States",,"Rain, Overcast"
"""Louisville, KY""",03/14/2023,30.4,44.0,36.1,18.2,49.57,,13.3,21.9,298.17,21.8,0.0,0.0,,9.8,50.3,1026.1,Light Snow,38.2549,-85.7667,"Louisville, KY, United States","Louisville, KY, United States",,Partially cloudy
"""Louisville, KY""",03/15/2023,25.1,52.6,38.7,18.2,47.91,,9.2,,109.92,29.3,0.0,0.0,,9.9,14.6,1026.7,,38.2549,-85.7667,"Louisville, KY, United States","Louisville, KY, United States",,Clear
"""Louisville, KY""",03/16/2023,37.9,64.0,51.4,24.3,35.63,,15.9,27.5,159.71,32.6,0.0,0.0,,9.9,67.6,1015.9,,38.2549,-85.7667,"Louisville, KY, United States","Louisville, KY, United States",,Partially cloudy
"""Louisville, KY""",03/17/2023,34.6,61.5,44.5,35.7,72.36,,22.1,38.0,250.0,27.7,0.22,41.67,,9.7,84.1,1008.9,"Mist, Rain, Heavy Rain, Light Rain",38.2549,-85.7667,"Louisville, KY, United States","Louisville, KY, United States",,"Rain, Overcast"
"""Louisville, KY""",03/18/2023,25.6,36.7,31.9,17.1,54.69,,21.4,30.6,266.54,13.3,0.0,0.0,,9.9,51.1,1019.4,Light Snow,38.2549,-85.7667,"Louisville, KY, United States","Louisville, KY, United States",,Partially cloudy
"""Louisville, KY""",03/19/2023,23.0,38.1,29.2,10.8,46.75,,12.8,23.6,305.71,12.1,0.0,0.0,,9.9,58.8,1028.2,"Light Snow, Light Freezing Drizzle/Freezing Rain",38.2549,-85.7667,"Louisville, KY, United States","Louisville, KY, United States",,Partially cloudy
"""Louisville, KY""",03/20/2023,23.0,51.1,37.1,15.8,44.98,,10.7,18.9,191.42,15.8,0.0,0.0,,9.9,9.3,1027.8,,38.2549,-85.7667,"Louisville, KY, United States","Louisville, KY, United States",,Clear
"""Louisville, KY""",03/21/2023,31.7,57.0,45.2,21.6,41.68,,21.1,34.3,152.79,28.1,0.01,12.5,,9.9,65.0,1025.6,Light Rain,38.2549,-85.7667,"Louisville, KY, United States","Louisville, KY, United States",,"Rain, Partially cloudy"
"""Louisville, KY""",03/22/2023,45.5,55.0,50.2,45.0,82.67,,14.4,21.9,166.63,41.8,0.11,25.0,,8.6,100.0,1021.0,"Mist, Light Drizzle, Rain, Heavy Rain, Light Rain",38.2549,-85.7667,"Louisville, KY, United States","Louisville, KY, United States",,"Rain, Overcast"
"""Louisville, KY""",03/23/2023,54.6,71.0,65.2,56.3,73.41,,17.3,29.4,203.58,,0.01,4.17,,9.8,95.8,1014.6,"Mist, Light Rain",38.2549,-85.7667,"Louisville, KY, United States","Louisville, KY, United States",,"Rain, Overcast"
"""Louisville, KY""",03/24/2023,54.5,65.9,59.3,56.0,89.53,,16.2,41.2,158.33,,1.37,79.17,,7.6,96.1,1010.0,"Mist, Thunderstorm, Rain, Heavy Rain, Light Rain",38.2549,-85.7667,"Louisville, KY, United States","Louisville, KY, United States",,"Rain, Overcast"
"""Louisville, KY""",03/25/2023,48.2,62.4,55.4,45.3,70.79,,29.8,46.8,232.0,47.4,1.22,16.67,,8.8,65.8,1004.6,"Mist, Light Drizzle, Rain, Heavy Rain, Light Rain",38.2549,-85.7667,"Louisville, KY, United States","Louisville, KY, United States",,"Rain, Partially cloudy"
"""Louisville, KY""",03/26/2023,37.2,69.1,53.4,37.8,59.8,,12.0,20.8,60.21,46.4,0.0,0.0,,9.9,16.9,1015.1,,38.2549,-85.7667,"Louisville, KY, United States","Louisville, KY, United States",,Clear
"""Louisville, KY""",03/27/2023,45.5,59.0,53.2,40.4,62.04,,16.2,26.7,286.13,40.1,0.0,0.0,,9.9,78.7,1016.5,,38.2549,-85.7667,"Louisville, KY, United States","Louisville, KY, United States",,Overcast
"""Louisville, KY""",03/28/2023,36.6,53.6,45.2,32.8,64.36,,10.4,18.3,248.96,32.3,0.0,0.0,,9.3,42.4,1023.4,Mist,38.2549,-85.7667,"Louisville, KY, United States","Louisville, KY, United States",,Partially cloudy
"""Louisville, KY""",03/29/2023,33.0,60.1,46.6,27.1,50.4,,11.2,19.7,196.0,49.1,0.0,0.0,,9.9,13.0,1024.6,,38.2549,-85.7667,"Louisville, KY, United States","Louisville, KY, United States",,Clear
"""Louisville, KY""",03/30/2023,37.5,65.6,51.5,30.3,48.15,,14.5,20.8,116.46,33.4,0.0,0.0,,9.9,14.1,1023.8,,38.2549,-85.7667,"Louisville, KY, United States","Louisville, KY, United States",,Clear
"""Louisville, KY""",03/31/2023,51.1,67.4,59.0,47.3,68.4,,24.0,40.5,180.21,,0.56,54.17,,9.2,85.4,1012.4,"Lightning Without Thunder, Mist, Rain, Heavy Rain, Light Rain",38.2549,-85.7667,"Louisville, KY, United States","Louisville, KY, United States",,"Rain, Overcast"
"""Louisville, KY""",04/01/2023,44.1,68.0,55.2,40.1,58.57,,30.4,52.3,247.58,38.1,0.77,16.67,,9.9,69.8,1007.8,"Thunderstorm, Light Rain",38.2549,-85.7667,"Louisville, KY, United States","Louisville, KY, United States",,"Rain, Partially cloudy"
"""Louisville, KY""",04/02/2023,40.5,61.6,50.1,32.4,52.44,,11.6,,195.25,38.2,0.0,0.0,,9.9,37.3,1018.1,Smoke Or Haze,38.2549,-85.7667,"Louisville, KY, United States","Louisville, KY, United States",,Partially cloudy
"""Louisville, KY""",04/03/2023,49.0,75.0,59.4,42.5,54.23,,22.4,34.8,145.63,46.3,0.01,8.33,,9.9,56.4,1011.3,"Light Drizzle, Light Rain",38.2549,-85.7667,"Louisville, KY, United States","Louisville, KY, United States",,"Rain, Partially cloudy"
"""Louisville, KY""",04/04/2023,60.1,81.6,69.5,59.1,70.52,82.7,18.2,28.9,171.58,,0.0,0.0,,9.9,80.8,1010.3,,38.2549,-85.7667,"Louisville, KY, United States","Louisville, KY, United States",,Overcast
"""Louisville, KY""",04/05/2023,62.7,82.5,74.2,61.1,65.48,82.7,21.3,37.3,191.58,,0.33,16.67,,9.6,74.7,1011.9,"Lightning Without Thunder, Mist, Squalls, Thunderstorm, Rain, Fog, Heavy Rain, Light Rain",38.2549,-85.7667,"Louisville, KY, United States","Louisville, KY, United States",,"Rain, Partially cloudy"
"""Louisville, KY""",04/06/2023,46.0,63.1,50.5,38.0,63.1,,12.3,18.4,177.71,41.9,0.01,8.33,,9.9,95.2,1026.5,"Light Drizzle, Light Rain",38.2549,-85.7667,"Louisville, KY, United States","Louisville, KY, United States",,"Rain, Overcast"
"""Louisville, KY""",04/07/2023,43.1,56.5,49.1,29.8,50.68,,15.4,23.0,68.96,38.1,0.0,0.0,,9.9,53.5,1030.6,,38.2549,-85.7667,"Louisville, KY, United States","Louisville, KY, United States",,Partially cloudy
"""Louisville, KY""",04/08/2023,43.6,60.6,50.8,25.3,37.77,,17.1,25.8,60.5,37.8,0.0,0.0,,9.9,38.9,1027.5,,38.2549,-85.7667,"Louisville, KY, United States","Louisville, KY, United States",,Partially cloudy
"""Louisville, KY""",04/09/2023,36.3,67.0,53.8,25.3,35.34,,13.7,24.2,69.54,33.4,0.0,0.0,,9.9,16.2,1028.7,,38.2549,-85.7667,"Louisville, KY, United States","Louisville, KY, United States",,Clear
"""Louisville, KY""",04/10/2023,39.9,72.1,57.7,31.2,39.9,,6.9,,153.63,38.8,0.0,0.0,,9.9,30.5,1027.7,,38.2549,-85.7667,"Louisville, KY, United States","Louisville, KY, United States",,Partially cloudy
"""Louisville, KY""",04/11/2023,44.7,76.2,61.7,38.6,45.71,,8.1,18.4,152.29,,0.0,0.0,,9.9,6.0,1025.3,,38.2549,-85.7667,"Louisville, KY, United States","Louisville, KY, United States",,Clear
"""Louisville, KY""",04/12/2023,50.1,78.1,65.5,39.6,41.3,,11.6,20.3,179.79,,0.0,0.0,,9.9,17.1,1020.0,,38.2549,-85.7667,"Louisville, KY, United States","Louisville, KY, United States",,Clear
"""Louisville, KY""",04/13/2023,49.6,82.0,67.0,41.8,44.22,80.0,9.8,20.8,65.25,,0.0,0.0,,9.8,24.8,1013.8,"Light Drizzle, Smoke Or Haze",38.2549,-85.7667,"Louisville, KY, United States","Louisville, KY, United States",,Clear
"""Louisville, KY""",04/14/2023,60.6,79.6,70.3,50.7,50.39,,11.3,,158.25,,0.0,0.0,,9.9,65.0,1009.7,"Lightning Without Thunder, Light Drizzle, Thunderstorm, Light Rain",38.2549,-85.7667,"Louisville, KY, United States","Louisville, KY, United States",,Partially cloudy
"""Louisville, KY""",04/15/2023,59.5,79.6,69.1,53.2,58.87,,11.7,22.8,187.63,,0.0,0.0,,9.9,29.9,1011.1,Light Rain,38.2549,-85.7667,"Louisville, KY, United States","Louisville, KY, United States",,Partially cloudy
"""Louisville, KY""",04/16/2023,49.0,71.0,56.8,46.4,68.77,,24.2,36.4,219.42,44.9,0.04,20.83,,9.9,84.4,1009.7,"Mist, Light Rain",38.2549,-85.7667,"Louisville, KY, United States","Louisville, KY, United States",,"Rain, Overcast"
"""Louisville, KY""",04/17/2023,46.0,62.0,53.1,29.0,41.68,,23.4,40.3,252.29,39.2,0.0,0.0,,9.9,52.8,1009.7,,38.2549,-85.7667,"Louisville, KY, United States","Louisville, KY, United States",,Partially cloudy
"""Louisville, KY""",04/18/2023,39.2,70.2,56.4,33.0,43.08,,8.0,16.1,200.33,37.7,0.0,0.0,,9.9,21.4,1013.8,Light Rain,38.2549,-85.7667,"Louisville, KY, United States","Louisville, KY, United States",,Clear
"""Louisville, KY""",04/19/2023,47.8,82.5,65.6,43.3,48.69,80.6,17.9,24.7,134.54,49.4,0.0,0.0,,9.9,42.2,1015.9,,38.2549,-85.7667,"Louisville, KY, United States","Louisville, KY, United States",,Partially cloudy
"""Louisville, KY""",04/20/2023,59.5,84.6,73.9,42.7,34.04,81.9,19.9,33.0,176.0,,0.0,0.0,,9.9,40.1,1015.9,,38.2549,-85.7667,"Louisville, KY, United States","Louisville, KY, United States",,Partially cloudy
"""Louisville, KY""",04/21/2023,49.0,74.5,62.5,49.9,66.56,,16.1,25.3,249.88,45.8,0.45,33.33,,8.8,86.9,1013.5,"Mist, Rain, Heavy Rain, Light Rain",38.2549,-85.7667,"Louisville, KY, United States","Louisville, KY, United States",,"Rain, Overcast"
"""Louisville, KY""",04/22/2023,42.1,61.1,51.5,38.1,63.94,,22.5,36.6,241.96,37.1,0.24,8.33,,9.6,53.5,1012.8,"Mist, Rain, Heavy Rain, Light Rain",38.2549,-85.7667,"Louisville, KY, United States","Louisville, KY, United States",,"Rain, Partially cloudy"
"""Louisville, KY""",04/23/2023,39.6,50.1,44.4,29.1,55.65,,11.6,20.8,274.0,34.8,0.0,0.0,,9.9,81.2,1019.8,,38.2549,-85.7667,"Louisville, KY, United States","Louisville, KY, United States",,Overcast
"""Louisville, KY""",04/24/2023,33.5,56.0,45.4,26.1,50.96,,10.3,20.8,173.42,31.6,0.0,0.0,,9.9,11.1,1022.9,,38.2549,-85.7667,"Louisville, KY, United States","Louisville, KY, United States",,Clear
"""Louisville, KY""",04/25/2023,39.4,65.6,52.2,29.4,43.49,,9.7,,162.58,35.6,0.0,0.0,,9.9,40.3,1021.1,,38.2549,-85.7667,"Louisville, KY, United States","Louisville, KY, United States",,Partially cloudy
"""Louisville, KY""",04/26/2023,44.0,68.1,56.3,40.1,56.69,,8.0,17.2,161.96,40.0,0.0,0.0,,9.9,44.0,1020.0,"Mist, Smoke Or Haze",38.2549,-85.7667,"Louisville, KY, United States","Louisville, KY, United States",,Partially cloudy
"""Louisville, KY""",04/27/2023,47.2,69.6,58.3,42.0,57.19,,13.2,22.4,82.17,46.7,0.76,20.83,,9.2,67.8,1014.5,"Mist, Rain, Heavy Rain, Light Rain",38.2549,-85.7667,"Louisville, KY, United States","Louisville, KY, United States",,"Rain, Partially cloudy"
"""Louisville, KY""",04/28/2023,53.2,61.6,57.1,51.4,82.07,,12.7,20.8,267.58,,0.36,20.83,,7.1,89.0,1007.0,"Mist, Light Drizzle, Rain, Fog, Heavy Rain, Light Rain",38.2549,-85.7667,"Louisville, KY, United States","Louisville, KY, United States",,"Rain, Overcast"
"""Louisville, KY""",04/29/2023,47.5,65.1,56.7,48.8,75.94,,14.4,17.2,182.79,,0.0,12.5,,9.6,67.5,1007.3,"Mist, Light Drizzle, Light Rain",38.2549,-85.7667,"Louisville, KY, United States","Louisville, KY, United States",,Partially cloudy
"""Louisville, KY""",04/30/2023,47.5,59.0,52.3,41.3,66.91,,18.2,36.5,272.13,42.4,0.1,16.67,,9.9,76.7,1001.2,"Lightning Without Thunder, Mist, Light Drizzle, Rain, Heavy Rain, Light Rain",38.2549,-85.7667,"Louisville, KY, United States","Louisville, KY, United States",,"Rain, Overcast"
"""Louisville, KY""",05/01/2023,46.6,58.0,51.9,35.0,53.47,,22.6,38.3,260.17,40.5,0.0,0.0,,9.9,97.5,1000.9,"Light Drizzle, Light Rain",38.2549,-85.7667,"Louisville, KY, United States","Louisville, KY, United States",,Overcast
"""Louisville, KY""",05/02/2023,47.0,61.1,54.5,31.9,42.38,,22.5,36.5,260.21,42.4,0.0,0.0,,9.9,40.7,1004.2,,38.2549,-85.7667,"Louisville, KY, United States","Louisville, KY, United States",,Partially cloudy
"""Louisville, KY""",05/03/2023,44.5,64.0,54.8,34.4,46.83,,13.2,26.4,310.46,38.7,0.0,0.0,,9.9,36.1,1010.5,,38.2549,-85.7667,"Louisville, KY, United States","Louisville, KY, United States",,Partially cloudy
"""Louisville, KY""",05/04/2023,42.1,71.6,57.4,39.0,54.07,,6.9,,156.42,,0.0,0.0,,9.9,22.4,1015.9,,38.2549,-85.7667,"Louisville, KY, United States","Louisville, KY, United States",,Clear
"""Louisville, KY""",05/05/2023,49.2,76.4,64.2,42.0,47.16,,11.1,20.8,108.96,,0.0,0.0,,9.9,37.9,1018.6,,38.2549,-85.7667,"Louisville, KY, United States","Louisville, KY, United States",,Partially cloudy
"""Louisville, KY""",05/06/2023,60.1,77.1,68.1,52.1,57.46,,16.0,26.4,161.58,,0.16,4.17,,9.9,83.8,1019.8,Light Rain,38.2549,-85.7667,"Louisville, KY, United States","Louisville, KY, United States",,"Rain, Overcast"
"""Louisville, KY""",05/07/2023,61.6,70.5,66.8,59.8,78.73,,17.7,41.5,175.08,,0.59,33.33,,9.7,61.1,1015.3,"Lightning Without Thunder, Mist, Light Drizzle, Thunderstorm, Rain, Heavy Rain, Light Rain",38.2549,-85.7667,"Louisville, KY, United States","Louisville, KY, United States",,"Rain, Partially cloudy"
"""Louisville, KY""",05/08/2023,56.7,75.0,66.2,60.8,83.24,,9.7,20.8,136.13,,0.14,12.5,,9.5,61.5,1013.3,"Mist, Thunderstorm, Rain, Fog, Heavy Rain, Light Rain, Smoke Or Haze",38.2549,-85.7667,"Louisville, KY, United States","Louisville, KY, United States",,"Rain, Partially cloudy"
"""Louisville, KY""",05/09/2023,60.2,76.4,68.4,57.2,70.46,,13.9,36.7,202.33,,0.44,12.5,,9.0,68.8,1015.7,"Hail Showers, Lightning Without Thunder, Mist, Thunderstorm, Rain, Heavy Rain, Light Rain",38.2549,-85.7667,"Louisville, KY, United States","Louisville, KY, United States",,"Rain, Partially cloudy"
"""Louisville, KY""",05/10/2023,51.6,79.1,66.7,44.2,46.83,,9.6,17.2,100.63,,0.0,0.0,,9.9,27.4,1020.0,Light Rain,38.2549,-85.7667,"Louisville, KY, United States","Louisville, KY, United States",,Partially cloudy
"""Louisville, KY""",05/11/2023,54.8,80.0,69.1,55.1,61.82,,12.0,20.8,132.33,,0.0,0.0,,9.9,60.5,1018.2,Light Rain,38.2549,-85.7667,"Louisville, KY, United States","Louisville, KY, United States",,Partially cloudy
"""Louisville, KY""",05/12/2023,67.0,72.1,70.2,64.0,80.67,,12.4,23.0,174.79,,0.0,0.0,,9.9,84.5,1017.2,"Light Drizzle, Light Rain",38.2549,-85.7667,"Louisville, KY, United States","Louisville, KY, United States",,Overcast
"""Louisville, KY""",05/13/2023,68.6,82.6,74.1,66.1,77.26,85.1,9.8,,197.17,,0.0,0.0,,9.9,88.2,1018.1,,38.2549,-85.7667,"Louisville, KY, United States","Louisville, KY, United States",,Overcast
"""Louisville, KY""",05/14/2023,66.0,82.6,74.1,62.5,68.84,83.4,10.7,,54.25,,0.24,12.5,,9.6,63.8,1021.3,"Lightning Without Thunder, Mist, Rain, Heavy Rain, Light Rain",38.2549,-85.7667,"Louisville, KY, United States","Louisville, KY, United States",,"Rain, Partially cloudy"
"""Louisville, KY""",05/15/2023,62.7,74.1,69.1,51.4,53.74,,10.8,,63.21,,0.0,0.0,,9.9,66.5,1021.8,Light Rain,38.2549,-85.7667,"Louisville, KY, United States","Louisville, KY, United States",,Partially cloudy
"""Louisville, KY""",05/16/2023,61.6,69.1,64.7,59.6,83.55,,11.0,28.2,154.75,,0.64,29.17,,9.2,84.7,1012.4,"Lightning Without Thunder, Mist, Thunderstorm, Rain, Heavy Rain, Light Rain",38.2549,-85.7667,"Louisville, KY, United States","Louisville, KY, United States",,"Rain, Overcast"
"""Louisville, KY""",05/17/2023,53.7,77.1,65.8,52.7,66.1,,9.3,18.3,157.63,,0.0,0.0,,9.0,15.2,1012.0,"Mist, Fog",38.2549,-85.7667,"Louisville, KY, United States","Louisville, KY, United States",,Clear
"""Louisville, KY""",05/18/2023,50.3,77.1,65.1,44.8,49.02,,8.5,,130.67,,0.0,0.0,,9.9,9.1,1016.3,Light Rain,38.2549,-85.7667,"Louisville, KY, United States","Louisville, KY, United States",,Clear
"""Louisville, KY""",05/19/2023,64.5,75.8,70.2,59.4,68.79,,12.2,23.0,186.17,,0.0,0.0,,9.9,81.1,1016.9,"Mist, Light Rain",38.2549,-85.7667,"Louisville, KY, United States","Louisville, KY, United States",,Overcast
"""Louisville, KY""",05/20/2023,59.1,72.1,65.8,54.7,70.03,,14.7,21.9,208.42,,0.81,37.5,,7.4,56.7,1017.3,"Mist, Rain, Heavy Rain, Light Rain, Smoke Or Haze",38.2549,-85.7667,"Louisville, KY, United States","Louisville, KY, United States",,"Rain, Partially cloudy"
"""Louisville, KY""",05/21/2023,50.6,76.0,64.0,47.4,58.63,,12.2,21.7,78.96,,0.0,0.0,,9.7,7.0,1020.6,Mist,38.2549,-85.7667,"Louisville, KY, United States","Louisville, KY, United States",,Clear
"""Louisville, KY""",05/22/2023,53.1,78.6,67.6,47.9,52.95,,14.9,23.0,89.0,,0.0,0.0,,9.9,44.5,1019.1,,38.2549,-85.7667,"Louisville, KY, United States","Louisville, KY, United States",,Partially cloudy
"""Louisville, KY""",05/23/2023,57.1,83.0,70.9,52.6,54.55,82.3,7.5,,122.0,,0.0,0.0,,9.9,32.6,1018.5,,38.2549,-85.7667,"Louisville, KY, United States","Louisville, KY, United States",,Partially cloudy
"""Louisville, KY""",05/24/2023,58.8,83.9,73.5,53.6,52.17,82.2,9.7,18.3,90.5,,0.0,0.0,,9.9,24.2,1017.2,,38.2549,-85.7667,"Louisville, KY, United States","Louisville, KY, United States",,Clear
"""Louisville, KY""",05/25/2023,58.7,74.1,67.1,45.1,46.95,,12.7,24.2,46.46,,0.0,0.0,,9.9,18.7,1018.7,,38.2549,-85.7667,"Louisville, KY, United States","Louisville, KY, United States",,Clear
"""Louisville, KY""",05/26/2023,52.1,77.0,64.9,43.6,46.79,,12.7,23.6,35.08,,0.0,0.0,,9.9,22.7,1021.1,,38.2549,-85.7667,"Louisville, KY, United States","Louisville, KY, United States",,Clear
"""Louisville, KY""",05/27/2023,53.3,74.9,65.9,43.6,46.16,,12.7,23.5,109.71,,0.0,0.0,,9.9,34.0,1021.4,,38.2549,-85.7667,"Louisville, KY, United States","Louisville, KY, United States",,Partially cloudy
"""Louisville, KY""",05/28/2023,58.0,68.0,62.8,48.7,60.53,,8.7,,111.21,,0.0,8.33,,9.9,83.4,1018.8,Light Rain,38.2549,-85.7667,"Louisville, KY, United States","Louisville, KY, United States",,Overcast
"""Louisville, KY""",05/29/2023,56.6,84.3,71.1,52.7,55.12,82.6,9.0,19.7,205.38,,0.0,0.0,,9.9,67.3,1014.4,,38.2549,-85.7667,"Louisville, KY, United States","Louisville, KY, United States",,Partially cloudy
"""Louisville, KY""",05/30/2023,65.6,83.9,75.7,61.2,62.15,84.3,9.8,,124.21,,0.0,4.17,,9.9,54.6,1014.2,,38.2549,-85.7667,"Louisville, KY, United States","Louisville, KY, United States",,Partially cloudy
"""Louisville, KY""",05/31/2023,65.2,87.1,76.2,62.3,63.78,87.4,8.1,,133.46,,0.0,0.0,,9.9,32.7,1015.8,"Lightning Without Thunder, Thunderstorm",38.2549,-85.7667,"Louisville, KY, United States","Louisville, KY, United States",,Partially cloudy
"""Louisville, KY""",06/01/2023,64.7,87.6,77.6,60.5,57.85,87.8,10.9,,102.71,,0.0,0.0,,9.9,32.2,1016.2,,38.2549,-85.7667,"Louisville, KY, United States","Louisville, KY, United States",,Partially cloudy
"""Louisville, KY""",06/02/2023,65.3,89.0,78.4,56.1,51.19,86.3,13.2,19.0,102.0,,0.0,0.0,,9.9,5.5,1014.5,,38.2549,-85.7667,"Louisville, KY, United States","Louisville, KY, United States",,Clear
"""Louisville, KY""",06/03/2023,64.1,91.5,78.8,57.4,51.96,89.0,9.2,16.1,181.58,,0.0,0.0,,9.9,30.5,1012.1,,38.2549,-85.7667,"Louisville, KY, United States","Louisville, KY, United States",,Partially cloudy
"""Louisville, KY""",06/04/2023,67.7,88.2,78.2,58.2,51.43,88.0,11.5,25.3,77.08,,0.0,0.0,,9.7,28.9,1012.2,,38.2549,-85.7667,"Louisville, KY, United States","Louisville, KY, United States",,Partially cloudy
"""Louisville, KY""",06/05/2023,62.7,86.0,73.6,56.9,57.72,85.8,13.1,21.9,151.58,,0.0,0.0,,9.8,21.2,1013.6,Smoke Or Haze,38.2549,-85.7667,"Louisville, KY, United States","Louisville, KY, United States",,Clear
"""Louisville, KY""",06/06/2023,58.2,85.0,72.9,53.4,54.27,83.1,12.7,17.2,233.92,,0.0,0.0,,8.5,36.9,1012.8,"Mist, Smoke Or Haze",38.2549,-85.7667,"Louisville, KY, United States","Louisville, KY, United States",,Partially cloudy
"""Louisville, KY""",06/07/2023,64.1,75.9,69.0,60.0,74.48,,7.1,,212.79,,1.08,37.5,,7.5,88.9,1008.8,"Mist, Rain, Heavy Rain, Light Rain, Smoke Or Haze",38.2549,-85.7667,"Louisville, KY, United States","Louisville, KY, United States",,"Rain, Overcast"
"""Louisville, KY""",06/08/2023,55.7,78.0,67.2,48.0,56.43,,8.6,,164.25,,0.0,4.17,,8.2,17.4,1009.6,"Mist, Fog, Smoke Or Haze",38.2549,-85.7667,"Louisville, KY, United States","Louisville, KY, United States",,Clear
"""Louisville, KY""",06/09/2023,54.1,80.5,68.1,47.2,51.48,79.3,10.2,19.7,216.33,,0.0,0.0,,9.4,7.4,1011.6,Mist,38.2549,-85.7667,"Louisville, KY, United States","Louisville, KY, United States",,Clear
"""Louisville, KY""",06/10/2023,54.6,81.6,70.4,49.7,51.58,80.4,8.5,,155.0,,0.0,0.0,,9.9,26.2,1010.8,,38.2549,-85.7667,"Louisville, KY, United States","Louisville, KY, United States",,Partially cloudy
"""Louisville, KY""",06/11/2023,65.1,82.5,72.7,61.4,68.54,83.9,15.8,37.1,174.0,,0.32,33.33,,9.7,81.5,1004.5,"Mist, Rain, Thunderstorm, Heavy Rain, Light Rain",38.2549,-85.7667,"Louisville, KY, United States","Louisville, KY, United States",,"Rain, Overcast"
"""Louisville, KY""",06/12/2023,58.6,71.0,63.6,53.4,70.79,,16.3,27.1,295.88,,0.0,0.0,,9.8,79.1,1009.4,"Mist, Light Drizzle",38.2549,-85.7667,"Louisville, KY, United States","Louisville, KY, United States",,Overcast
"""Louisville, KY""",06/13/2023,53.6,79.1,67.3,48.6,54.16,,22.6,34.6,226.67,,0.0,0.0,,9.9,20.5,1009.1,,38.2549,-85.7667,"Louisville, KY, United States","Louisville, KY, United States",,Clear
"""Louisville, KY""",06/14/2023,64.6,83.0,73.6,53.8,50.39,82.4,13.2,24.2,266.13,,0.0,0.0,,9.9,48.0,1004.7,,38.2549,-85.7667,"Louisville, KY, United States","Louisville, KY, United States",,Partially cloudy
"""Louisville, KY""",06/15/2023,65.2,85.0,75.4,59.1,58.83,84.9,8.5,,222.25,,0.0,0.0,,8.2,31.5,1006.6,Smoke Or Haze,38.2549,-85.7667,"Louisville, KY, United States","Louisville, KY, United States",,Partially cloudy
"""Louisville, KY""",06/16/2023,64.1,78.1,71.8,55.8,57.86,,11.2,20.8,194.63,,0.0,0.0,,9.3,9.0,1009.7,"Light Rain, Smoke Or Haze",38.2549,-85.7667,"Louisville, KY, United States","Louisville, KY, United States",,Clear
"""Louisville, KY""",06/17/2023,59.1,82.0,71.0,55.1,60.43,81.2,6.9,,116.92,,0.0,0.0,,8.5,11.4,1013.6,"Mist, Light Rain, Smoke Or Haze",38.2549,-85.7667,"Louisville, KY, United States","Louisville, KY, United States",,Clear
"""Louisville, KY""",06/18/2023,59.3,83.1,73.1,55.1,55.81,82.2,10.9,26.4,125.92,,0.0,0.0,,8.6,35.8,1010.7,"Mist, Smoke Or Haze",38.2549,-85.7667,"Louisville, KY, United States","Louisville, KY, United States",,Partially cloudy
"""Louisville, KY""",06/19/2023,68.6,77.0,71.4,66.8,85.82,,10.2,17.2,58.33,,0.83,75.0,,8.0,90.9,1007.4,"Lightning Without Thunder, Mist, Rain, Thunderstorm, Heavy Rain, Light Rain",38.2549,-85.7667,"Louisville, KY, United States","Louisville, KY, United States",,"Rain, Overcast"
"""Louisville, KY""",06/20/2023,70.1,83.9,75.1,66.7,76.37,86.3,19.3,27.5,36.0,,0.02,20.83,,9.0,89.7,1010.8,"Lightning Without Thunder, Mist, Thunderstorm, Light Rain, Smoke Or Haze",38.2549,-85.7667,"Louisville, KY, United States","Louisville, KY, United States",,"Rain, Overcast"
"""Louisville, KY""",06/21/2023,68.0,79.8,72.3,63.7,74.75,,15.5,25.9,98.17,,0.23,41.67,,9.2,73.6,1014.4,"Lightning Without Thunder, Mist, Rain, Heavy Rain, Light Rain",38.2549,-85.7667,"Louisville, KY, United States","Louisville, KY, United States",,"Rain, Partially cloudy"
"""Louisville, KY""",06/22/2023,63.1,71.5,68.0,57.4,69.02,,10.8,18.3,54.25,,0.0,0.0,,9.9,75.2,1014.0,Light Rain,38.2549,-85.7667,"Louisville, KY, United States","Louisville, KY, United States",,Overcast
"""Louisville, KY""",06/23/2023,66.5,76.8,71.0,61.2,71.73,,7.0,,222.42,,0.0,0.0,,9.9,96.9,1013.4,,38.2549,-85.7667,"Louisville, KY, United States","Louisville, KY, United States",,Overcast
"""Louisville, KY""",06/24/2023,68.5,88.2,78.0,62.4,61.48,88.0,9.3,,247.67,,0.0,0.0,,9.9,47.2,1013.2,,38.2549,-85.7667,"Louisville, KY, United States","Louisville, KY, United States",,Partially cloudy
"""Louisville, KY""",06/25/2023,68.6,88.5,74.7,66.4,76.04,97.4,24.3,44.2,165.83,,1.68,37.5,,8.7,50.5,1009.4,"Hail Showers, Lightning Without Thunder, Mist, Rain, Thunderstorm, Heavy Rain, Light Rain",38.2549,-85.7667,"Louisville, KY, United States","Louisville, KY, United States",,"Rain, Partially cloudy"
"""Louisville, KY""",06/26/2023,67.2,83.5,74.9,64.3,71.54,84.7,15.9,29.6,236.17,,0.01,12.5,,9.5,49.2,1006.1,"Mist, Fog, Light Rain",38.2549,-85.7667,"Louisville, KY, United States","Louisville, KY, United States",,"Rain, Partially cloudy"
"""Louisville, KY""",06/27/2023,66.4,82.6,74.9,62.1,65.5,83.8,15.5,25.2,294.88,,0.0,0.0,,8.5,32.0,1010.1,Smoke Or Haze,38.2549,-85.7667,"Louisville, KY, United States","Louisville, KY, United States",,Partially cloudy
"""Louisville, KY""",06/28/2023,63.6,83.9,74.7,62.6,67.76,85.3,7.5,,125.17,,0.0,0.0,,3.4,57.3,1014.7,"Mist, Fog, Smoke Or Haze",38.2549,-85.7667,"Louisville, KY, United States","Louisville, KY, United States",,Partially cloudy
"""Louisville, KY""",06/29/2023,69.0,80.5,71.8,65.8,81.6,83.1,20.2,42.5,155.33,,0.21,33.33,,5.8,45.6,1015.0,"Mist, Thunderstorm, Rain, Rain Showers, Heavy Rain, Light Rain, Smoke Or Haze",38.2549,-85.7667,"Louisville, KY, United States","Louisville, KY, United States",,"Rain, Partially cloudy"
"""Louisville, KY""",06/30/2023,69.1,85.4,77.0,69.4,78.0,92.9,10.3,17.2,133.04,,0.01,4.17,,9.5,85.0,1014.5,Smoke Or Haze,38.2549,-85.7667,"Louisville, KY, United States","Louisville, KY, United States",,"Rain, Overcast"
"""Louisville, KY""",07/01/2023,70.6,85.4,77.9,70.0,77.21,93.0,15.0,26.4,141.79,,0.45,29.17,,9.5,56.7,1013.2,"Lightning Without Thunder, Mist, Light Drizzle, Thunderstorm, Light Rain",38.2549,-85.7667,"Louisville, KY, United States","Louisville, KY, United States",,"Rain, Partially cloudy"
"""Louisville, KY""",07/02/2023,70.6,84.0,74.9,67.8,78.98,90.4,14.9,46.6,184.33,,0.88,70.83,,9.4,70.0,1010.1,"Lightning Without Thunder, Mist, Thunderstorm, Rain, Heavy Rain, Light Rain",38.2549,-85.7667,"Louisville, KY, United States","Louisville, KY, United States",,"Rain, Partially cloudy"
"""Louisville, KY""",07/03/2023,70.1,86.0,77.7,66.7,71.0,88.3,12.8,22.0,258.29,,0.01,4.17,,9.8,66.9,1012.1,"Mist, Light Rain",38.2549,-85.7667,"Louisville, KY, United States","Louisville, KY, United States",,"Rain, Partially cloudy"
"""Louisville, KY""",07/04/2023,72.1,87.1,79.9,68.1,68.09,90.5,7.5,,196.67,,0.01,4.17,,9.2,54.5,1015.9,"Mist, Smoke Or Haze",38.2549,-85.7667,"Louisville, KY, United States","Louisville, KY, United States",,"Rain, Partially cloudy"
"""Louisville, KY""",07/05/2023,71.3,89.3,80.9,69.2,68.95,93.6,15.2,24.0,107.54,,0.01,12.5,,7.4,31.1,1015.5,"Mist, Squalls, Light Drizzle, Rain, Heavy Rain, Light Rain, Smoke Or Haze",38.2549,-85.7667,"Louisville, KY, United States","Louisville, KY, United States",,"Rain, Partially cloudy"
"""Louisville, KY""",07/06/2023,75.3,87.6,81.5,69.7,68.45,91.4,13.2,20.8,241.88,,0.13,12.5,,9.9,65.3,1013.0,,38.2549,-85.7667,"Louisville, KY, United States","Louisville, KY, United States",,"Rain, Partially cloudy"
"""Louisville, KY""",07/07/2023,72.5,88.7,80.2,62.6,57.6,87.3,7.0,,228.79,,0.0,0.0,,9.9,35.5,1013.4,,38.2549,-85.7667,"Louisville, KY, United States","Louisville, KY, United States",,Partially cloudy
"""Louisville, KY""",07/08/2023,70.3,83.0,76.1,66.5,72.93,86.8,18.8,33.3,154.17,,1.11,25.0,,9.5,62.8,1010.7,"Lightning Without Thunder, Mist, Light Drizzle, Rain, Thunderstorm, Heavy Rain, Light Rain",38.2549,-85.7667,"Louisville, KY, United States","Louisville, KY, United States",,"Rain, Partially cloudy"
"""Louisville, KY""",07/09/2023,70.1,78.6,73.7,63.8,72.48,,10.0,,278.17,,0.09,8.33,,9.9,76.8,1011.7,,38.2549,-85.7667,"Louisville, KY, United States","Louisville, KY, United States",,"Rain, Overcast"
"""Louisville, KY""",07/10/2023,62.2,85.4,74.5,58.5,61.21,84.3,5.8,,143.58,,0.0,0.0,,9.7,26.7,1014.3,Mist,38.2549,-85.7667,"Louisville, KY, United States","Louisville, KY, United States",,Partially cloudy
"""Louisville, KY""",07/11/2023,65.6,86.0,76.9,60.3,59.06,85.7,9.2,20.8,151.25,,0.0,4.17,,9.9,21.1,1015.2,,38.2549,-85.7667,"Louisville, KY, United States","Louisville, KY, United States",,Clear
"""Louisville, KY""",07/12/2023,67.9,88.1,78.9,62.6,59.32,88.3,14.4,21.9,149.83,,0.0,0.0,,9.9,19.2,1013.8,,38.2549,-85.7667,"Louisville, KY, United States","Louisville, KY, United States",,Clear
"""Louisville, KY""",07/13/2023,76.4,90.1,82.5,69.9,66.54,95.4,11.6,19.7,209.0,,0.05,8.33,,9.9,51.2,1010.2,"Lightning Without Thunder, Heavy Rain",38.2549,-85.7667,"Louisville, KY, United States","Louisville, KY, United States",,"Rain, Partially cloudy"
"""Louisville, KY""",07/14/2023,74.0,92.5,83.0,68.0,63.4,95.4,7.6,17.2,216.08,,0.0,0.0,,9.9,30.7,1011.6,Mist,38.2549,-85.7667,"Louisville, KY, United States","Louisville, KY, United States",,Partially cloudy
"""Louisville, KY""",07/15/2023,73.6,85.0,79.6,70.3,73.67,90.0,13.3,29.8,209.33,,0.19,20.83,,9.6,67.4,1010.1,"Mist, Light Drizzle, Rain, Heavy Rain, Light Rain",38.2549,-85.7667,"Louisville, KY, United States","Louisville, KY, United States",,"Rain, Partially cloudy"
"""Louisville, KY""",07/16/2023,71.6,85.0,78.3,66.2,68.28,86.4,11.1,,255.63,,0.0,0.0,,7.5,13.9,1013.3,Smoke Or Haze,38.2549,-85.7667,"Louisville, KY, United States","Louisville, KY, United States",,Clear
"""Louisville, KY""",07/17/2023,72.1,85.4,78.9,66.7,66.99,87.5,13.0,23.0,210.0,,0.01,4.17,,7.7,62.6,1014.5,"Lightning Without Thunder, Light Rain, Smoke Or Haze",38.2549,-85.7667,"Louisville, KY, United States","Louisville, KY, United States",,"Rain, Partially cloudy"
"""Louisville, KY""",07/18/2023,67.6,88.0,75.6,67.7,77.67,94.5,21.3,36.5,158.08,,0.81,37.5,,9.4,70.5,1014.6,"Lightning Without Thunder, Mist, Light Drizzle, Thunderstorm, Rain, Heavy Rain, Light Rain",38.2549,-85.7667,"Louisville, KY, United States","Louisville, KY, United States",,"Rain, Partially cloudy"
"""Louisville, KY""",07/19/2023,71.5,81.5,75.7,67.9,77.34,83.9,14.3,22.4,222.54,,0.0,0.0,,9.5,97.7,1016.7,"Mist, Light Rain",38.2549,-85.7667,"Louisville, KY, United States","Louisville, KY, United States",,Overcast
"""Louisville, KY""",07/20/2023,74.5,85.4,80.1,71.4,74.94,93.8,10.8,,204.83,,0.01,4.17,,9.9,67.2,1014.1,"Light Drizzle, Light Rain",38.2549,-85.7667,"Louisville, KY, United States","Louisville, KY, United States",,"Rain, Partially cloudy"
"""Louisville, KY""",07/21/2023,68.5,82.0,76.7,64.2,66.66,83.2,11.6,20.8,253.92,,0.0,0.0,,9.9,44.4,1013.3,"Mist, Light Rain",38.2549,-85.7667,"Louisville, KY, United States","Louisville, KY, United States",,Partially cloudy
"""Louisville, KY""",07/22/2023,66.6,83.9,76.3,61.8,62.96,83.8,8.0,,259.29,,0.0,0.0,,9.9,42.0,1012.8,,38.2549,-85.7667,"Louisville, KY, United States","Louisville, KY, United States",,Partially cloudy
"""Louisville, KY""",07/23/2023,65.1,85.0,76.2,62.5,64.55,85.9,8.6,,208.13,,0.0,0.0,,9.9,16.4,1014.5,Mist,38.2549,-85.7667,"Louisville, KY, United States","Louisville, KY, United States",,Clear
"""Louisville, KY""",07/24/2023,70.1,87.6,76.6,67.6,74.62,93.5,11.9,40.3,182.04,,0.04,16.67,,9.8,51.7,1016.8,"Lightning Without Thunder, Mist, Thunderstorm, Thunderstorm Without Precipitation, Light Rain",38.2549,-85.7667,"Louisville, KY, United States","Louisville, KY, United States",,"Rain, Partially cloudy"
"""Louisville, KY""",07/25/2023,67.7,90.5,78.8,68.4,72.62,94.4,7.0,,159.25,,0.0,0.0,,9.8,27.5,1018.2,Mist,38.2549,-85.7667,"Louisville, KY, United States","Louisville, KY, United States",,Partially cloudy
"""Louisville, KY""",07/26/2023,77.0,90.5,83.4,72.0,69.37,96.9,16.1,24.2,191.29,,0.0,0.0,,9.9,51.3,1015.9,Lightning Without Thunder,38.2549,-85.7667,"Louisville, KY, United States","Louisville, KY, United States",,Partially cloudy
"""Louisville, KY""",07/27/2023,79.1,94.6,86.1,73.0,65.38,107.1,15.1,26.4,219.79,,0.0,0.0,,9.9,52.5,1014.8,Thunderstorm,38.2549,-85.7667,"Louisville, KY, United States","Louisville, KY, United States",,Partially cloudy
"""Louisville, KY""",07/28/2023,81.1,95.5,87.6,74.7,66.44,108.3,13.7,20.8,216.46,,0.0,0.0,,9.9,50.6,1016.2,Mist,38.2549,-85.7667,"Louisville, KY, United States","Louisville, KY, United States",,Partially cloudy
"""Louisville, KY""",07/29/2023,74.6,92.0,85.0,72.6,67.39,100.7,16.3,53.9,233.75,,0.01,8.33,,9.9,45.0,1015.2,"Lightning Without Thunder, Thunderstorm, Light Rain",38.2549,-85.7667,"Louisville, KY, United States","Louisville, KY, United States",,"Rain, Partially cloudy"
"""Louisville, KY""",07/30/2023,72.1,89.6,80.8,66.7,64.66,91.4,17.6,28.3,282.58,,0.02,12.5,,9.9,38.8,1016.1,"Mist, Thunderstorm, Rain, Heavy Rain, Light Rain",38.2549,-85.7667,"Louisville, KY, United States","Louisville, KY, United States",,"Rain, Partially cloudy"
"""Louisville, KY""",07/31/2023,70.1,85.6,77.2,62.2,61.67,86.1,12.7,19.6,233.04,,0.0,0.0,,9.9,33.9,1018.0,,38.2549,-85.7667,"Louisville, KY, United States","Louisville, KY, United States",,Partially cloudy
"""Louisville, KY""",08/01/2023,61.2,83.9,74.3,57.5,58.67,83.0,13.6,20.8,104.75,,0.0,0.0,,9.9,19.3,1021.0,,38.2549,-85.7667,"Louisville, KY, United States","Louisville, KY, United States",,Clear
"""Louisville, KY""",08/02/2023,66.1,79.1,73.6,59.8,62.15,,6.8,,140.13,,0.0,0.0,,9.9,53.5,1019.5,"Light Drizzle, Light Rain",38.2549,-85.7667,"Louisville, KY, United States","Louisville, KY, United States",,Partially cloudy
"""Louisville, KY""",08/03/2023,68.6,83.9,75.0,67.9,79.61,86.8,6.4,,161.08,,0.51,33.33,,8.7,81.8,1014.5,"Mist, Light Drizzle, Thunderstorm, Rain, Heavy Rain, Light Rain",38.2549,-85.7667,"Louisville, KY, United States","Louisville, KY, United States",,"Rain, Overcast"
"""Louisville, KY""",08/04/2023,68.7,88.1,78.3,68.3,73.79,91.1,5.8,,111.75,,0.0,0.0,,8.0,44.7,1013.9,"Mist, Light Drizzle, Fog, Light Rain, Smoke Or Haze",38.2549,-85.7667,"Louisville, KY, United States","Louisville, KY, United States",,Partially cloudy
"""Louisville, KY""",08/05/2023,71.7,85.9,79.2,70.0,74.46,90.8,15.0,19.7,131.96,,0.0,0.0,,9.4,55.2,1013.7,"Mist, Fog",38.2549,-85.7667,"Louisville, KY, United States","Louisville, KY, United States",,Partially cloudy
"""Louisville, KY""",08/06/2023,75.3,87.6,80.5,70.3,72.43,92.4,13.3,21.9,223.29,,0.01,4.17,,9.9,64.7,1010.9,Light Rain,38.2549,-85.7667,"Louisville, KY, United States","Louisville, KY, United States",,"Rain, Partially cloudy"
"""Louisville, KY""",08/07/2023,68.8,83.0,76.1,68.3,77.8,86.4,24.4,38.1,237.63,,0.65,33.33,,9.8,83.7,1009.0,"Lightning Without Thunder, Mist, Thunderstorm, Rain, Heavy Rain, Light Rain",38.2549,-85.7667,"Louisville, KY, United States","Louisville, KY, United States",,"Rain, Overcast"
"""Louisville, KY""",08/08/2023,66.6,81.8,74.2,64.6,73.63,83.0,11.4,20.8,255.42,,0.0,0.0,,9.7,54.5,1014.2,"Mist, Light Rain",38.2549,-85.7667,"Louisville, KY, United States","Louisville, KY, United States",,Partially cloudy
"""Louisville, KY""",08/09/2023,69.0,82.0,75.4,67.3,76.61,85.2,13.8,29.2,212.96,,0.13,8.33,,9.6,60.6,1012.2,"Mist, Light Drizzle, Rain, Heavy Rain, Light Rain",38.2549,-85.7667,"Louisville, KY, United States","Louisville, KY, United States",,"Rain, Partially cloudy"
"""Louisville, KY""",08/10/2023,69.6,82.6,75.2,66.4,75.29,84.7,11.1,19.7,270.21,,0.1,12.5,,9.5,81.8,1009.0,"Mist, Rain, Heavy Rain, Light Rain",38.2549,-85.7667,"Louisville, KY, United States","Louisville, KY, United States",,"Rain, Overcast"
"""Louisville, KY""",08/11/2023,68.6,87.6,78.0,66.6,69.98,90.2,10.3,20.8,162.71,,0.0,0.0,,9.9,33.2,1011.3,Mist,38.2549,-85.7667,"Louisville, KY, United States","Louisville, KY, United States",,Partially cloudy
"""Louisville, KY""",08/12/2023,73.5,89.4,79.6,71.1,76.0,98.2,19.5,35.0,227.88,,0.08,8.33,,9.6,34.2,1011.8,"Mist, Thunderstorm, Rain, Heavy Rain",38.2549,-85.7667,"Louisville, KY, United States","Louisville, KY, United States",,"Rain, Partially cloudy"
"""Louisville, KY""",08/13/2023,74.5,89.0,81.5,70.7,71.17,94.8,9.2,,161.67,,0.0,0.0,,9.9,57.9,1014.6,,38.2549,-85.7667,"Louisville, KY, United States","Louisville, KY, United States",,Partially cloudy
"""Louisville, KY""",08/14/2023,72.5,83.5,76.9,71.8,85.02,89.3,14.1,32.2,216.54,,0.57,62.5,,9.3,87.0,1012.0,"Lightning Without Thunder, Mist, Rain, Thunderstorm, Heavy Rain, Light Rain",38.2549,-85.7667,"Louisville, KY, United States","Louisville, KY, United States",,"Rain, Overcast"
"""Louisville, KY""",08/15/2023,65.5,76.0,70.8,63.2,77.86,,12.7,20.8,269.04,,0.01,4.17,,9.9,68.5,1013.5,Mist,38.2549,-85.7667,"Louisville, KY, United States","Louisville, KY, United States",,"Rain, Partially cloudy"
"""Louisville, KY""",08/16/2023,65.5,80.0,72.9,61.1,68.1,80.7,8.1,,238.26,,0.0,0.0,,9.9,58.6,1016.1,Mist,38.2549,-85.7667,"Louisville, KY, United States","Louisville, KY, United States",,Partially cloudy
"""Louisville, KY""",08/17/2023,63.5,82.5,73.6,62.7,70.26,83.5,16.6,27.1,197.5,,0.0,0.0,,9.4,34.5,1011.7,"Mist, Fog",38.2549,-85.7667,"Louisville, KY, United States","Louisville, KY, United States",,Partially cloudy
"""Louisville, KY""",08/18/2023,64.0,80.2,71.9,57.9,63.63,80.3,8.6,,175.96,,0.01,4.17,,9.9,21.8,1015.5,Light Rain,38.2549,-85.7667,"Louisville, KY, United States","Louisville, KY, United States",,Rain
"""Louisville, KY""",08/19/2023,59.2,83.3,72.4,58.0,63.17,82.9,9.7,,98.88,,0.0,0.0,,9.7,19.2,1017.9,"Mist, Smoke Or Haze",38.2549,-85.7667,"Louisville, KY, United States","Louisville, KY, United States",,Clear
"""Louisville, KY""",08/20/2023,66.2,90.5,79.7,65.6,63.8,95.0,11.1,18.3,160.38,,0.0,0.0,,9.9,17.1,1018.1,,38.2549,-85.7667,"Louisville, KY, United States","Louisville, KY, United States",,Clear
"""Louisville, KY""",08/21/2023,74.0,92.1,83.5,72.2,69.89,102.1,5.8,,133.38,,0.0,0.0,,9.9,52.0,1019.6,,38.2549,-85.7667,"Louisville, KY, United States","Louisville, KY, United States",,Partially cloudy
"""Louisville, KY""",08/22/2023,76.6,93.0,84.6,73.2,70.66,99.6,9.2,,91.17,,0.0,0.0,,8.6,57.3,1019.3,Mist,38.2549,-85.7667,"Louisville, KY, United States","Louisville, KY, United States",,Partially cloudy
"""Louisville, KY""",08/23/2023,72.6,94.0,83.4,67.3,59.75,100.5,8.6,,140.54,,0.0,0.0,,9.9,25.3,1017.7,,38.2549,-85.7667,"Louisville, KY, United States","Louisville, KY, United States",,Partially cloudy
"""Louisville, KY""",08/24/2023,77.0,94.0,84.4,69.5,61.72,107.2,14.3,23.0,190.63,,0.0,0.0,,7.5,44.2,1014.6,"Mist, Smoke Or Haze",38.2549,-85.7667,"Louisville, KY, United States","Louisville, KY, United States",,Partially cloudy
"""Louisville, KY""",08/25/2023,75.2,98.0,86.3,75.0,70.6,113.4,15.2,58.4,235.54,,0.96,16.67,,8.5,42.1,1012.7,"Lightning Without Thunder, Mist, Thunderstorm, Light Rain, Smoke Or Haze",38.2549,-85.7667,"Louisville, KY, United States","Louisville, KY, United States",,"Rain, Partially cloudy"
"""Louisville, KY""",08/26/2023,72.6,88.6,79.1,71.0,77.18,95.0,20.6,41.3,202.38,,0.24,29.17,,9.7,59.6,1012.5,"Lightning Without Thunder, Mist, Rain, Thunderstorm, Heavy Rain, Light Rain",38.2549,-85.7667,"Louisville, KY, United States","Louisville, KY, United States",,"Rain, Partially cloudy"
"""Louisville, KY""",08/27/2023,72.1,81.1,76.4,66.2,71.31,82.8,13.4,25.3,47.04,,0.0,0.0,,9.9,65.0,1012.8,,38.2549,-85.7667,"Louisville, KY, United States","Louisville, KY, United States",,Partially cloudy
"""Louisville, KY""",08/28/2023,64.1,83.5,74.0,61.7,67.92,83.8,10.3,17.8,87.83,,0.0,0.0,,9.9,22.6,1013.4,,38.2549,-85.7667,"Louisville, KY, United States","Louisville, KY, United States",,Clear
"""Louisville, KY""",08/29/2023,61.6,81.6,72.1,57.3,61.86,81.6,10.8,19.7,251.38,,0.0,0.0,,9.9,23.9,1012.7,,38.2549,-85.7667,"Louisville, KY, United States","Louisville, KY, United States",,Clear
"""Louisville, KY""",08/30/2023,64.5,79.6,71.1,57.5,64.37,,14.9,21.3,109.29,,0.0,0.0,,9.9,13.3,1012.7,,38.2549,-85.7667,"Louisville, KY, United States","Louisville, KY, United States",,Clear
"""Louisville, KY""",08/31/2023,57.4,80.1,68.1,54.3,63.02,80.4,13.8,20.8,53.04,,0.0,0.0,,9.9,13.9,1016.5,,38.2549,-85.7667,"Louisville, KY, United States","Louisville, KY, United States",,Clear
"""Louisville, KY""",09/01/2023,58.2,86.0,72.9,60.5,66.45,88.5,8.1,,88.33,,0.0,0.0,,9.9,20.4,1020.4,,38.2549,-85.7667,"Louisville, KY, United States","Louisville, KY, United States",,Clear
"""Louisville, KY""",09/02/2023,70.6,89.7,79.8,67.4,67.63,93.1,10.9,17.2,175.96,,0.0,0.0,,9.9,32.1,1020.3,Mist,38.2549,-85.7667,"Louisville, KY, United States","Louisville, KY, United States",,Partially cloudy
"""Louisville, KY""",09/03/2023,70.5,89.3,80.0,66.9,66.71,92.0,9.1,,187.21,,0.0,0.0,,9.9,22.6,1018.1,,38.2549,-85.7667,"Louisville, KY, United States","Louisville, KY, United States",,Clear
"""Louisville, KY""",09/04/2023,68.1,90.6,79.9,66.6,66.15,94.8,10.8,,150.04,,0.0,0.0,,9.9,30.8,1015.8,,38.2549,-85.7667,"Louisville, KY, United States","Louisville, KY, United States",,Partially cloudy
"""Louisville, KY""",09/05/2023,74.0,87.6,81.4,69.5,67.87,93.4,11.5,18.3,163.33,,0.0,0.0,,9.9,50.6,1015.5,"Light Rain, Smoke Or Haze",38.2549,-85.7667,"Louisville, KY, United States","Louisville, KY, United States",,Partially cloudy
"""Louisville, KY""",09/06/2023,72.1,82.1,76.9,68.9,76.69,86.2,13.3,,191.71,,0.05,12.5,,9.9,53.3,1012.9,"Rain, Light Rain",38.2549,-85.7667,"Louisville, KY, United States","Louisville, KY, United States",,"Rain, Partially cloudy"
"""Louisville, KY""",09/07/2023,65.1,76.5,72.3,63.5,74.03,,11.1,,295.38,,0.0,0.0,,9.4,82.3,1011.8,,38.2549,-85.7667,"Louisville, KY, United States","Louisville, KY, United States",,Overcast
"""Louisville, KY""",09/08/2023,65.0,81.1,72.3,61.7,71.46,81.8,10.3,,197.5,,0.0,0.0,,9.2,58.8,1014.9,"Mist, Fog",38.2549,-85.7667,"Louisville, KY, United States","Louisville, KY, United States",,Partially cloudy
"""Louisville, KY""",09/09/2023,62.0,79.0,70.3,61.7,74.89,,9.7,18.3,211.29,,0.0,0.0,,9.9,79.0,1017.3,,38.2549,-85.7667,"Louisville, KY, United States","Louisville, KY, United States",,Overcast
"""Louisville, KY""",09/10/2023,63.5,82.0,71.9,59.7,66.93,82.8,9.0,17.2,196.21,,0.0,0.0,,9.9,49.8,1018.6,Light Drizzle,38.2549,-85.7667,"Louisville, KY, United States","Louisville, KY, United States",,Partially cloudy
"""Louisville, KY""",09/11/2023,61.2,85.6,72.7,60.4,67.91,85.2,4.0,,179.54,,0.0,0.0,,9.8,32.0,1018.0,,38.2549,-85.7667,"Louisville, KY, United States","Louisville, KY, United States",,Partially cloudy
"""Louisville, KY""",09/12/2023,65.6,77.0,70.7,61.6,73.83,,12.6,,253.71,,0.12,4.17,,9.9,72.4,1016.5,"Mist, Light Drizzle, Light Rain",38.2549,-85.7667,"Louisville, KY, United States","Louisville, KY, United States",,"Rain, Partially cloudy"
"""Louisville, KY""",09/13/2023,57.5,79.6,67.9,51.7,61.44,,12.5,20.8,206.96,,0.0,0.0,,9.9,12.8,1017.9,Mist,38.2549,-85.7667,"Louisville, KY, United States","Louisville, KY, United States",,Clear
"""Louisville, KY""",09/14/2023,54.1,80.6,67.6,49.2,55.69,79.6,7.5,,54.92,,0.0,0.0,,9.9,19.1,1018.7,,38.2549,-85.7667,"Louisville, KY, United States","Louisville, KY, United States",,Clear
"""Louisville, KY""",09/15/2023,56.8,80.0,68.2,49.7,53.86,79.4,8.6,17.2,117.38,,0.0,0.0,,9.9,1.8,1019.0,"Mist, Smoke Or Haze",38.2549,-85.7667,"Louisville, KY, United States","Louisville, KY, United States",,Clear
"""Louisville, KY""",09/16/2023,54.2,80.6,67.0,51.4,60.54,79.9,10.6,,131.67,,0.01,8.33,,9.7,45.2,1016.6,"Mist, Light Rain",38.2549,-85.7667,"Louisville, KY, United States","Louisville, KY, United States",,"Rain, Partially cloudy"
"""Louisville, KY""",09/17/2023,56.6,77.0,67.1,54.3,65.31,,13.4,19.7,212.33,,0.0,0.0,,9.9,54.1,1013.1,Light Rain,38.2549,-85.7667,"Louisville, KY, United States","Louisville, KY, United States",,Partially cloudy
"""Louisville, KY""",09/18/2023,54.4,78.0,65.5,52.2,65.46,,9.3,19.7,282.42,,0.0,0.0,,9.7,18.6,1015.5,Mist,38.2549,-85.7667,"Louisville, KY, United States","Louisville, KY, United States",,Clear
"""Louisville, KY""",09/19/2023,52.2,80.1,66.2,48.3,56.69,79.3,5.9,,61.91,,0.0,0.0,,9.9,24.2,1018.2,,38.2549,-85.7667,"Louisville, KY, United States","Louisville, KY, United States",,Clear
"""Louisville, KY""",09/20/2023,57.2,83.9,70.0,52.6,56.55,82.3,11.3,20.3,101.42,,0.0,0.0,,9.9,40.1,1018.7,,38.2549,-85.7667,"Louisville, KY, United States","Louisville, KY, United States",,Partially cloudy
"""Louisville, KY""",09/21/2023,65.0,83.5,73.5,56.0,55.83,82.7,7.1,,101.08,,0.0,0.0,,9.9,55.1,1020.9,,38.2549,-85.7667,"Louisville, KY, United States","Louisville, KY, United States",,Partially cloudy
"""Louisville, KY""",09/22/2023,60.8,86.5,73.6,56.2,57.4,84.9,8.0,,40.83,,0.0,0.0,,9.9,26.0,1019.6,,38.2549,-85.7667,"Louisville, KY, United States","Louisville, KY, United States",,Partially cloudy
"""Louisville, KY""",09/23/2023,59.6,81.5,70.4,48.1,48.45,79.7,13.2,21.9,62.17,,0.0,0.0,,9.9,19.4,1016.2,,38.2549,-85.7667,"Louisville, KY, United States","Louisville, KY, United States",,Clear
"""Louisville, KY""",09/24/2023,55.6,82.5,68.5,52.6,58.65,81.6,7.5,,198.96,,0.0,0.0,,9.9,22.5,1014.9,,38.2549,-85.7667,"Louisville, KY, United States","Louisville, KY, United States",,Clear
"""Louisville, KY""",09/25/2023,64.1,85.0,73.5,57.7,59.87,83.8,9.0,,91.71,,0.0,0.0,,9.9,37.7,1016.8,,38.2549,-85.7667,"Louisville, KY, United States","Louisville, KY, United States",,Partially cloudy
"""Louisville, KY""",09/26/2023,62.4,87.6,73.2,58.8,63.83,86.3,12.7,25.3,126.54,,0.0,0.0,,9.9,40.5,1018.4,,38.2549,-85.7667,"Louisville, KY, United States","Louisville, KY, United States",,Partially cloudy
"""Louisville, KY""",09/27/2023,63.6,78.6,70.3,60.1,71.09,,11.5,,110.08,,0.04,16.67,,9.7,57.5,1017.4,"Rain, Thunderstorm, Heavy Rain, Light Rain",38.2549,-85.7667,"Louisville, KY, United States","Louisville, KY, United States",,"Rain, Partially cloudy"
"""Louisville, KY""",09/28/2023,64.1,80.0,70.7,62.5,76.35,80.9,14.9,21.9,218.54,,0.56,33.33,,9.7,77.1,1016.3,"Lightning Without Thunder, Mist, Thunderstorm, Rain, Heavy Rain, Light Rain",38.2549,-85.7667,"Louisville, KY, United States","Louisville, KY, United States",,"Rain, Overcast"
"""Louisville, KY""",09/29/2023,63.1,83.1,72.1,62.4,73.96,83.2,9.8,,191.08,,0.01,4.17,,9.1,32.7,1018.5,"Mist, Fog",38.2549,-85.7667,"Louisville, KY, United States","Louisville, KY, United States",,"Rain, Partially cloudy"
"""Louisville, KY""",09/30/2023,59.1,83.9,71.1,59.1,69.0,83.3,10.7,19.7,73.13,,0.0,0.0,,8.6,19.4,1021.6,Mist,38.2549,-85.7667,"Louisville, KY, United States","Louisville, KY, United States",,Clear
"""Louisville, KY""",10/01/2023,60.1,85.0,72.4,58.2,64.1,84.4,10.8,19.7,122.0,,0.0,0.0,,9.8,3.0,1023.5,Mist,38.2549,-85.7667,"Louisville, KY, United States","Louisville, KY, United States",,Clear
"""Louisville, KY""",10/02/2023,59.2,86.5,72.5,57.0,62.3,84.6,7.0,,104.46,,0.0,0.0,,9.8,1.2,1022.4,Mist,38.2549,-85.7667,"Louisville, KY, United States","Louisville, KY, United States",,Clear
"""Louisville, KY""",10/03/2023,61.1,87.6,73.8,57.2,59.18,85.9,8.9,,122.63,,0.0,0.0,,9.9,6.9,1020.4,,38.2549,-85.7667,"Louisville, KY, United States","Louisville, KY, United States",,Clear
"""Louisville, KY""",10/04/2023,61.0,85.4,73.1,56.9,59.72,84.0,13.4,18.3,160.75,,0.0,0.0,,9.9,39.2,1018.7,,38.2549,-85.7667,"Louisville, KY, United States","Louisville, KY, United States",,Partially cloudy
"""Louisville, KY""",10/05/2023,64.5,77.6,67.7,60.4,78.11,,13.7,21.9,152.17,,0.32,33.33,,8.6,84.4,1016.7,"Mist, Light Drizzle, Rain, Heavy Rain, Light Rain, Smoke Or Haze",38.2549,-85.7667,"Louisville, KY, United States","Louisville, KY, United States",,"Rain, Overcast"
"""Louisville, KY""",10/06/2023,57.4,75.6,67.1,52.4,64.71,,18.4,33.7,269.46,,0.01,4.17,,8.8,51.3,1015.9,"Mist, Light Drizzle, Fog, Light Rain",38.2549,-85.7667,"Louisville, KY, United States","Louisville, KY, United States",,"Rain, Partially cloudy"
"""Louisville, KY""",10/07/2023,44.4,63.6,53.3,36.0,53.45,,16.0,28.0,297.83,40.8,0.0,0.0,,9.9,22.7,1019.9,,38.2549,-85.7667,"Louisville, KY, United States","Louisville, KY, United States",,Clear
"""Louisville, KY""",10/08/2023,45.5,62.3,54.0,37.0,54.1,,12.7,24.2,259.46,43.9,0.0,0.0,,9.9,68.9,1015.6,,38.2549,-85.7667,"Louisville, KY, United States","Louisville, KY, United States",,Partially cloudy
"""Louisville, KY""",10/09/2023,47.4,69.1,57.6,40.3,54.37,,13.9,18.3,212.79,46.7,0.0,0.0,,9.9,45.7,1009.3,Light Rain,38.2549,-85.7667,"Louisville, KY, United States","Louisville, KY, United States",,Partially cloudy
"""Louisville, KY""",10/10/2023,43.0,67.6,55.5,38.8,56.88,,11.7,20.3,180.04,,0.0,0.0,,9.9,18.1,1011.2,Mist,38.2549,-85.7667,"Louisville, KY, United States","Louisville, KY, United States",,Clear
"""Louisville, KY""",10/11/2023,42.5,68.1,56.1,40.6,59.63,,10.5,,117.21,43.7,0.0,0.0,,9.9,45.3,1011.6,,38.2549,-85.7667,"Louisville, KY, United States","Louisville, KY, United States",,Partially cloudy
"""Louisville, KY""",10/12/2023,53.2,80.6,65.9,50.9,60.88,80.1,6.9,,116.54,,0.0,0.0,,9.9,23.5,1010.4,"Mist, Smoke Or Haze",38.2549,-85.7667,"Louisville, KY, United States","Louisville, KY, United States",,Clear
"""Louisville, KY""",10/13/2023,55.1,78.1,67.2,54.6,65.85,,15.6,23.0,127.67,,0.07,4.17,,9.6,40.7,1010.5,"Mist, Rain, Heavy Rain, Light Rain",38.2549,-85.7667,"Louisville, KY, United States","Louisville, KY, United States",,"Rain, Partially cloudy"
"""Louisville, KY""",10/14/2023,54.2,66.0,59.5,53.3,80.3,,16.7,26.7,244.63,,0.1,29.17,,9.4,90.8,1007.6,"Mist, Light Drizzle, Rain, Heavy Rain, Light Rain",38.2549,-85.7667,"Louisville, KY, United States","Louisville, KY, United States",,"Rain, Overcast"
"""Louisville, KY""",10/15/2023,51.1,59.1,54.2,43.0,66.63,,13.9,23.9,338.54,,0.0,0.0,,9.9,98.1,1013.8,Light Rain,38.2549,-85.7667,"Louisville, KY, United States","Louisville, KY, United States",,Overcast
"""Louisville, KY""",10/16/2023,47.5,54.6,51.7,44.0,75.32,,10.3,,321.38,44.0,0.09,29.17,,9.7,99.3,1015.4,"Mist, Light Drizzle, Light Rain",38.2549,-85.7667,"Louisville, KY, United States","Louisville, KY, United States",,"Rain, Overcast"
"""Louisville, KY""",10/17/2023,50.5,56.1,53.4,44.2,71.21,,7.4,,254.38,,0.0,0.0,,9.9,92.4,1019.1,,38.2549,-85.7667,"Louisville, KY, United States","Louisville, KY, United States",,Overcast
"""Louisville, KY""",10/18/2023,41.6,67.6,54.5,44.0,70.39,,12.6,18.3,131.42,42.9,0.0,0.0,,9.5,32.1,1018.8,Mist,38.2549,-85.7667,"Louisville, KY, United States","Louisville, KY, United States",,Partially cloudy
"""Louisville, KY""",10/19/2023,54.6,62.7,59.0,50.0,72.32,,11.4,19.7,177.67,,0.38,33.33,,9.6,76.7,1011.5,"Mist, Light Drizzle, Light Rain, Smoke Or Haze",38.2549,-85.7667,"Louisville, KY, United States","Louisville, KY, United States",,"Rain, Overcast"
"""Louisville, KY""",10/20/2023,49.7,62.7,56.9,48.4,74.34,,18.6,30.2,264.75,49.2,0.25,25.0,,9.3,78.5,1005.9,"Mist, Rain, Heavy Rain, Light Rain",38.2549,-85.7667,"Louisville, KY, United States","Louisville, KY, United States",,"Rain, Overcast"
"""Louisville, KY""",10/21/2023,44.1,76.6,58.6,42.1,59.01,,18.3,34.8,207.92,42.9,0.0,0.0,,9.9,5.8,1007.2,,38.2549,-85.7667,"Louisville, KY, United States","Louisville, KY, United States",,Clear
"""Louisville, KY""",10/22/2023,48.6,62.0,56.1,41.9,59.56,,12.0,23.0,266.38,47.9,0.0,0.0,,9.9,30.3,1016.5,,38.2549,-85.7667,"Louisville, KY, United States","Louisville, KY, United States",,Partially cloudy
"""Louisville, KY""",10/23/2023,39.7,72.2,54.5,40.6,62.98,,6.4,,52.96,46.7,0.0,0.0,,9.9,12.9,1021.7,Smoke Or Haze,38.2549,-85.7667,"Louisville, KY, United States","Louisville, KY, United States",,Clear
"""Louisville, KY""",10/24/2023,51.5,74.9,62.9,46.5,56.25,,9.9,,143.0,,0.0,0.0,,9.9,48.9,1022.6,Smoke Or Haze,38.2549,-85.7667,"Louisville, KY, United States","Louisville, KY, United States",,Partially cloudy
"""Louisville, KY""",10/25/2023,57.4,78.6,66.9,49.0,53.22,,12.1,25.3,157.42,,0.0,0.0,,9.9,53.3,1023.0,,38.2549,-85.7667,"Louisville, KY, United States","Louisville, KY, United States",,Partially cloudy
"""Louisville, KY""",10/26/2023,62.5,79.1,69.7,55.1,60.51,,15.6,25.9,166.0,,0.0,0.0,,9.9,60.1,1021.0,,38.2549,-85.7667,"Louisville, KY, United States","Louisville, KY, United States",,Partially cloudy
"""Louisville, KY""",10/27/2023,65.0,75.5,70.7,60.2,70.13,,16.5,26.4,187.88,,0.13,12.5,,9.9,91.2,1019.4,Light Rain,38.2549,-85.7667,"Louisville, KY, United States","Louisville, KY, United States",,"Rain, Overcast"
"""Louisville, KY""",10/28/2023,56.5,68.0,63.4,59.6,87.79,,11.2,,229.71,,0.14,29.17,,9.1,99.5,1020.1,"Mist, Rain, Heavy Rain, Light Rain",38.2549,-85.7667,"Louisville, KY, United States","Louisville, KY, United States",,"Rain, Overcast"
"""Louisville, KY""",10/29/2023,55.1,61.1,58.0,55.6,91.58,,9.8,17.2,183.0,,0.52,79.17,,9.0,99.3,1016.3,"Mist, Light Drizzle, Rain, Heavy Rain, Light Rain",38.2549,-85.7667,"Louisville, KY, United States","Louisville, KY, United States",,"Rain, Overcast"
"""Louisville, KY""",10/30/2023,36.6,55.6,46.3,41.4,83.07,,12.8,24.2,297.42,34.3,1.04,45.83,,8.6,88.8,1019.6,"Mist, Light Drizzle, Rain, Heavy Rain, Light Rain",38.2549,-85.7667,"Louisville, KY, United States","Louisville, KY, United States",,"Rain, Overcast"
"""Louisville, KY""",10/31/2023,28.5,46.6,37.2,25.2,64.03,,17.3,25.2,294.0,25.1,0.0,0.0,,9.9,23.6,1023.2,,38.2549,-85.7667,"Louisville, KY, United States","Louisville, KY, United States",,Clear
"""Louisville, KY""",11/01/2023,29.4,48.2,38.4,24.1,57.51,,11.0,24.2,205.08,24.9,0.0,0.0,,9.9,34.5,1028.9,Smoke Or Haze,38.2549,-85.7667,"Louisville, KY, United States","Louisville, KY, United States",,Partially cloudy
"""Louisville, KY""",11/02/2023,30.5,56.5,42.4,23.3,51.59,,12.5,19.7,148.33,25.7,0.0,0.0,,9.9,14.8,1029.6,,38.2549,-85.7667,"Louisville, KY, United States","Louisville, KY, United States",,Clear
"""Louisville, KY""",11/03/2023,38.0,63.2,49.8,24.0,38.09,,15.7,24.2,168.54,33.2,0.0,0.0,,9.9,21.2,1025.9,,38.2549,-85.7667,"Louisville, KY, United States","Louisville, KY, United States",,Clear
"""Louisville, KY""",11/04/2023,50.0,69.6,58.1,36.3,44.6,,12.5,23.0,206.58,47.8,0.0,0.0,,9.9,48.4,1021.6,,38.2549,-85.7667,"Louisville, KY, United States","Louisville, KY, United States",,Partially cloudy
"""Louisville, KY""",11/05/2023,44.7,65.1,55.3,38.0,54.75,,7.0,,183.76,45.3,0.0,0.0,,9.8,24.8,1021.1,Smoke Or Haze,38.2549,-85.7667,"Louisville, KY, United States","Louisville, KY, United States",,Clear
"""Louisville, KY""",11/06/2023,41.3,75.6,58.7,42.8,57.47,,18.5,31.7,156.17,40.2,0.0,0.0,,9.8,53.8,1014.7,"Light Rain, Smoke Or Haze",38.2549,-85.7667,"Louisville, KY, United States","Louisville, KY, United States",,Partially cloudy
"""Louisville, KY""",11/07/2023,62.0,73.6,67.2,54.5,63.9,,7.9,,182.54,,0.0,0.0,,9.9,78.2,1013.4,Light Rain,38.2549,-85.7667,"Louisville, KY, United States","Louisville, KY, United States",,Overcast
"""Louisville, KY""",11/08/2023,59.1,82.1,70.5,56.5,63.67,82.0,21.4,35.2,151.58,,0.0,0.0,,9.7,46.1,1010.8,Mist,38.2549,-85.7667,"Louisville, KY, United States","Louisville, KY, United States",,Partially cloudy
"""Louisville, KY""",11/09/2023,56.1,74.1,64.2,45.5,52.37,,15.0,26.3,256.96,,0.0,0.0,,9.9,65.5,1015.5,,38.2549,-85.7667,"Louisville, KY, United States","Louisville, KY, United States",,Partially cloudy
"""Louisville, KY""",11/10/2023,48.6,63.1,54.4,32.3,44.96,,7.6,,202.0,46.1,0.01,8.33,,9.9,47.1,1022.5,"Light Drizzle, Light Rain, Smoke Or Haze",38.2549,-85.7667,"Louisville, KY, United States","Louisville, KY, United States",,"Rain, Partially cloudy"
"""Louisville, KY""",11/11/2023,36.3,55.6,46.4,29.3,52.52,,9.8,,99.75,32.4,0.0,0.0,,9.9,17.0,1029.0,Smoke Or Haze,38.2549,-85.7667,"Louisville, KY, United States","Louisville, KY, United States",,Clear
"""Louisville, KY""",11/12/2023,38.0,60.6,48.2,32.1,55.38,,8.7,,70.92,35.0,0.0,0.0,,9.9,12.6,1028.7,,38.2549,-85.7667,"Louisville, KY, United States","Louisville, KY, United States",,Clear
"""Louisville, KY""",11/13/2023,36.3,67.7,49.9,32.4,55.62,,10.3,,148.33,33.3,0.0,0.0,,9.8,41.5,1028.3,,38.2549,-85.7667,"Louisville, KY, United States","Louisville, KY, United States",,Partially cloudy
"""Louisville, KY""",11/14/2023,35.2,61.2,48.0,27.9,50.3,,10.3,,65.13,45.5,0.0,0.0,,9.9,48.3,1028.8,,38.2549,-85.7667,"Louisville, KY, United States","Louisville, KY, United States",,Partially cloudy
"""Louisville, KY""",11/15/2023,40.3,71.1,54.0,33.5,48.03,,11.1,18.3,121.0,39.5,0.0,0.0,,9.9,22.2,1025.1,,38.2549,-85.7667,"Louisville, KY, United States","Louisville, KY, United States",,Clear
"""Louisville, KY""",11/16/2023,42.2,70.2,56.1,41.9,60.11,,5.9,,104.58,41.0,0.0,0.0,,9.9,57.5,1021.2,,38.2549,-85.7667,"Louisville, KY, United States","Louisville, KY, United States",,Partially cloudy
"""Louisville, KY""",11/17/2023,52.2,65.1,61.8,53.4,74.96,,17.3,28.0,204.5,,0.07,29.17,,9.0,97.5,1012.9,"Mist, Light Drizzle, Light Rain",38.2549,-85.7667,"Louisville, KY, United States","Louisville, KY, United States",,"Rain, Overcast"
"""Louisville, KY""",11/18/2023,38.1,54.7,46.1,34.0,64.71,,10.4,17.2,231.92,32.8,0.0,0.0,,9.9,17.2,1017.4,,38.2549,-85.7667,"Louisville, KY, United States","Louisville, KY, United States",,Clear
"""Louisville, KY""",11/19/2023,32.1,59.1,45.3,29.3,57.47,,7.0,,54.26,33.6,0.0,0.0,,9.8,15.1,1017.5,,38.2549,-85.7667,"Louisville, KY, United States","Louisville, KY, United States",,Clear
"""Louisville, KY""",11/20/2023,47.0,55.0,50.9,35.7,56.66,,11.4,,78.88,43.9,0.01,12.5,,9.9,82.5,1016.7,"Mist, Rain, Light Rain",38.2549,-85.7667,"Louisville, KY, United States","Louisville, KY, United States",,"Rain, Overcast"
"""Louisville, KY""",11/21/2023,45.1,57.0,51.0,46.8,85.7,,18.8,28.3,210.17,39.1,1.14,45.83,,8.4,100.0,1012.0,"Mist, Light Drizzle, Rain, Heavy Rain, Light Rain",38.2549,-85.7667,"Louisville, KY, United States","Louisville, KY, United States",,"Rain, Overcast"
"""Louisville, KY""",11/22/2023,38.5,52.6,44.3,35.1,71.21,,11.7,19.5,293.63,34.9,0.0,0.0,,9.9,62.7,1017.0,Light Drizzle,38.2549,-85.7667,"Louisville, KY, United States","Louisville, KY, United States",,Partially cloudy
"""Louisville, KY""",11/23/2023,33.1,55.1,43.8,33.0,67.77,,10.2,,163.63,27.7,0.0,0.0,,9.5,23.1,1018.9,Mist,38.2549,-85.7667,"Louisville, KY, United States","Louisville, KY, United States",,Clear
"""Louisville, KY""",11/24/2023,35.7,49.0,40.7,30.1,66.68,,13.9,20.8,98.92,28.5,0.0,0.0,,9.7,49.9,1025.1,,38.2549,-85.7667,"Louisville, KY, United States","Louisville, KY, United States",,Partially cloudy
"""Louisville, KY""",11/25/2023,32.1,49.4,39.4,25.8,58.3,,8.6,18.3,53.96,25.6,0.0,0.0,,9.9,49.7,1025.0,,38.2549,-85.7667,"Louisville, KY, United States","Louisville, KY, United States",,Partially cloudy
"""Louisville, KY""",11/26/2023,34.3,49.0,41.3,35.8,80.8,,19.1,31.1,171.5,26.6,0.07,29.17,,8.6,74.0,1013.8,"Mist, Light Rain",38.2549,-85.7667,"Louisville, KY, United States","Louisville, KY, United States",,"Rain, Partially cloudy"
"""Louisville, KY""",11/27/2023,32.6,38.4,35.1,23.0,61.46,,19.0,30.5,256.42,25.3,0.0,0.0,,9.9,82.1,1020.2,,38.2549,-85.7667,"Louisville, KY, United States","Louisville, KY, United States",,Overcast
"""Louisville, KY""",11/28/2023,24.1,35.1,29.4,12.8,49.96,,15.0,28.9,280.96,14.0,0.0,0.0,,9.9,26.3,1025.2,Light Snow,38.2549,-85.7667,"Louisville, KY, United States","Louisville, KY, United States",,Partially cloudy
"""Louisville, KY""",11/29/2023,21.6,51.7,35.6,20.5,55.08,,16.1,23.6,175.46,12.2,0.0,0.0,,9.9,11.5,1020.3,,38.2549,-85.7667,"Louisville, KY, United States","Louisville, KY, United States",,Clear
"""Louisville, KY""",11/30/2023,37.1,61.6,49.4,29.6,48.82,,18.1,30.1,173.33,32.1,0.0,0.0,,9.9,49.1,1017.1,,38.2549,-85.7667,"Louisville, KY, United States","Louisville, KY, United States",,Partially cloudy
"""Louisville, KY""",12/01/2023,44.1,56.5,50.8,44.3,80.87,,15.8,31.4,175.38,38.3,0.17,45.83,,7.9,98.1,1012.5,"Mist, Light Drizzle, Light Rain",38.2549,-85.7667,"Louisville, KY, United States","Louisville, KY, United States",,"Rain, Overcast"
"""Louisville, KY""",12/02/2023,49.5,55.5,52.8,46.8,80.27,,7.0,,203.33,,0.0,0.0,,9.7,92.1,1013.9,Smoke Or Haze,38.2549,-85.7667,"Louisville, KY, United States","Louisville, KY, United States",,Overcast
"""Louisville, KY""",12/03/2023,38.0,53.1,47.5,38.8,72.85,,18.8,32.0,245.42,40.9,0.0,0.0,,9.7,66.2,1010.7,"Mist, Smoke Or Haze",38.2549,-85.7667,"Louisville, KY, United States","Louisville, KY, United States",,Partially cloudy
"""Louisville, KY""",12/04/2023,34.7,49.0,41.3,36.3,82.46,,9.1,,162.79,34.4,0.16,12.5,,8.7,67.0,1014.4,"Mist, Light Drizzle, Rain, Heavy Rain, Light Rain, Smoke Or Haze",38.2549,-85.7667,"Louisville, KY, United States","Louisville, KY, United States",,"Rain, Partially cloudy"
"""Louisville, KY""",12/05/2023,36.1,49.1,42.3,37.0,81.8,,9.8,24.2,232.67,33.3,0.01,4.17,,8.0,85.0,1017.7,"Mist, Fog, Light Rain",38.2549,-85.7667,"Louisville, KY, United States","Louisville, KY, United States",,"Rain, Overcast"
"""Louisville, KY""",12/06/2023,34.6,44.5,40.2,30.7,69.04,,12.7,22.0,281.46,31.0,0.02,4.17,,9.9,82.0,1025.4,Light Rain,38.2549,-85.7667,"Louisville, KY, United States","Louisville, KY, United States",,"Rain, Overcast"
"""Louisville, KY""",12/07/2023,31.6,58.1,45.5,29.9,56.85,,15.3,25.0,189.58,25.6,0.0,0.0,,9.9,29.5,1018.9,,38.2549,-85.7667,"Louisville, KY, United States","Louisville, KY, United States",,Partially cloudy
"""Louisville, KY""",12/08/2023,46.6,62.0,54.8,33.8,45.16,,14.9,24.2,181.96,41.3,0.0,0.0,,9.9,66.4,1014.7,,38.2549,-85.7667,"Louisville, KY, United States","Louisville, KY, United States",,Partially cloudy
"""Louisville, KY""",12/09/2023,47.5,62.5,57.0,51.2,81.05,,14.5,25.3,203.79,44.9,0.52,37.5,,9.2,93.9,1012.5,"Lightning Without Thunder, Mist, Light Drizzle, Thunderstorm, Rain, Heavy Rain, Light Rain",38.2549,-85.7667,"Louisville, KY, United States","Louisville, KY, United States",,"Rain, Overcast"
"""Louisville, KY""",12/10/2023,36.1,46.0,39.4,30.3,69.99,,12.8,17.2,298.21,29.5,0.0,0.0,,9.9,84.4,1017.5,,38.2549,-85.7667,"Louisville, KY, United States","Louisville, KY, United States",,Overcast
"""Louisville, KY""",12/11/2023,32.1,43.6,36.1,23.8,61.39,,11.6,,212.33,23.8,0.0,0.0,,9.9,45.9,1023.7,,38.2549,-85.7667,"Louisville, KY, United States","Louisville, KY, United States",,Partially cloudy
"""Louisville, KY""",12/12/2023,29.6,54.2,40.4,24.7,55.41,,12.2,19.7,173.75,23.3,0.0,0.0,,9.9,6.7,1030.1,,38.2549,-85.7667,"Louisville, KY, United States","Louisville, KY, United States",,Clear
"""Louisville, KY""",12/13/2023,32.1,49.5,39.2,22.1,52.78,,5.3,,155.92,28.7,0.0,0.0,,9.9,30.1,1038.3,,38.2549,-85.7667,"Louisville, KY, United States","Louisville, KY, United States",,Partially cloudy
"""Louisville, KY""",12/14/2023,27.7,55.6,39.6,20.6,51.53,,4.0,,14.88,45.4,0.0,0.0,,9.9,2.4,1039.4,,38.2549,-85.7667,"Louisville, KY, United States","Louisville, KY, United States",,Clear
"""Louisville, KY""",12/15/2023,29.8,59.0,42.4,24.7,53.18,,5.9,,67.0,27.0,0.0,0.0,,9.9,22.6,1032.8,,38.2549,-85.7667,"Louisville, KY, United States","Louisville, KY, United States",,Clear
"""Louisville, KY""",12/16/2023,38.7,59.1,48.5,32.9,56.05,,13.9,26.4,114.67,34.7,0.13,20.83,,9.7,66.1,1022.4,"Mist, Rain, Heavy Rain, Light Rain",38.2549,-85.7667,"Louisville, KY, United States","Louisville, KY, United States",,"Rain, Partially cloudy"
"""Louisville, KY""",12/17/2023,42.1,51.6,48.6,42.3,79.41,,12.7,,247.67,35.4,0.16,33.33,,9.6,91.0,1013.0,"Mist, Light Drizzle, Light Rain",38.2549,-85.7667,"Louisville, KY, United States","Louisville, KY, United States",,"Rain, Overcast"
"""Louisville, KY""",12/18/2023,28.6,41.6,36.3,25.0,64.01,,22.5,37.5,289.67,18.1,0.0,0.0,,9.8,95.3,1013.5,"Light Snow, Light Drizzle",38.2549,-85.7667,"Louisville, KY, United States","Louisville, KY, United States",,Overcast
"""Louisville, KY""",12/19/2023,20.9,38.6,29.9,15.3,55.02,,9.6,,195.46,13.8,0.0,0.0,,9.9,19.2,1028.1,,38.2549,-85.7667,"Louisville, KY, United States","Louisville, KY, United States",,Clear
"""Louisville, KY""",12/20/2023,26.9,52.2,37.3,18.7,48.76,,8.5,,139.25,21.7,0.0,0.0,,9.9,41.6,1030.1,,38.2549,-85.7667,"Louisville, KY, United States","Louisville, KY, United States",,Partially cloudy
"""Louisville, KY""",12/21/2023,34.6,52.6,42.0,24.0,49.49,,7.1,,132.17,32.2,0.0,0.0,,9.9,47.3,1029.4,,38.2549,-85.7667,"Louisville, KY, United States","Louisville, KY, United States",,Partially cloudy
"""Louisville, KY""",12/22/2023,32.2,57.4,44.0,26.5,52.87,,10.2,19.7,137.0,29.8,0.0,0.0,,9.9,65.6,1025.6,,38.2549,-85.7667,"Louisville, KY, United States","Louisville, KY, United States",,Partially cloudy
"""Louisville, KY""",12/23/2023,46.8,52.2,50.1,39.9,69.79,,9.7,,162.08,43.5,0.05,16.67,,9.5,98.2,1023.8,"Mist, Light Rain",38.2549,-85.7667,"Louisville, KY, United States","Louisville, KY, United States",,"Rain, Overcast"
"""Louisville, KY""",12/24/2023,49.1,65.6,55.3,46.9,74.87,,10.2,,115.79,48.4,0.04,20.83,,9.8,86.1,1023.1,"Light Drizzle, Light Rain",38.2549,-85.7667,"Louisville, KY, United States","Louisville, KY, United States",,"Rain, Overcast"
"""Louisville, KY""",12/25/2023,50.3,57.4,55.0,47.8,77.43,,16.0,27.1,114.38,,0.51,54.17,,8.9,86.2,1015.0,"Mist, Rain, Heavy Rain, Light Rain",38.2549,-85.7667,"Louisville, KY, United States","Louisville, KY, United States",,"Rain, Overcast"
"""Louisville, KY""",12/26/2023,41.1,53.4,49.0,43.6,81.77,,12.7,,223.08,41.6,0.0,0.0,,9.1,74.5,1015.5,"Mist, Fog",38.2549,-85.7667,"Louisville, KY, United States","Louisville, KY, United States",,Partially cloudy
"""Louisville, KY""",12/27/2023,33.1,53.0,43.5,34.7,72.62,,8.0,,131.33,30.4,0.0,0.0,,9.3,51.7,1013.5,Mist,38.2549,-85.7667,"Louisville, KY, United States","Louisville, KY, United States",,Partially cloudy
"""Louisville, KY""",12/28/2023,35.0,45.2,39.8,30.8,70.81,,14.4,23.0,235.13,27.3,0.02,16.67,,9.9,94.5,1010.7,Light Rain,38.2549,-85.7667,"Louisville, KY, United States","Louisville, KY, United States",,"Rain, Overcast"
"""Louisville, KY""",12/29/2023,35.5,38.5,37.3,31.5,79.58,,11.0,,235.63,28.4,0.01,12.5,,9.5,100.0,1011.1,"Mist, Light Snow, Light Drizzle, Light Rain And Snow, Light Rain",38.2549,-85.7667,"Louisville, KY, United States","Louisville, KY, United States",,"Rain, Overcast"
"""Louisville, KY""",12/30/2023,36.6,41.1,38.5,32.7,79.81,,13.7,20.8,234.67,29.7,0.01,12.5,,8.9,91.8,1015.0,"Mist, Light Rain",38.2549,-85.7667,"Louisville, KY, United States","Louisville, KY, United States",,"Rain, Overcast"
"""Louisville, KY""",12/31/2023,33.7,44.1,37.6,29.7,73.43,,17.1,24.7,228.92,26.3,0.0,0.0,,9.7,85.9,1016.6,"Mist, Light Snow",38.2549,-85.7667,"Louisville, KY, United States","Louisville, KY, United States",,Overcast
